"","year","state","house.income","labor.pop","unem.rate","min.wage"
"1",1985,"Alabama",18333,1804882,9.5,3.35
"2",1986,"Alabama",19132,1852269,9.7,3.35
"3",1987,"Alabama",19734,1867330,8.1,3.35
"4",1988,"Alabama",19948,1874512,7.2,3.35
"5",1989,"Alabama",21284,1899124,7.1,3.35
"6",1990,"Alabama",23357,1910481,6.7,3.35
"7",1991,"Alabama",24346,1924056,7.3,3.8
"8",1992,"Alabama",25808,1962311,7.6,4.25
"9",1993,"Alabama",25082,1996532,7.3,4.25
"10",1994,"Alabama",27196,2033548,6.1,4.25
"11",1995,"Alabama",25991,2065988,6,4.25
"12",1996,"Alabama",30302,2091357,5.2,4.25
"13",1997,"Alabama",31939,2132295,5,4.75
"14",1998,"Alabama",36266,2142084,4.4,5.15
"15",1999,"Alabama",36251,2149868,4.8,5.15
"16",2000,"Alabama",35424,2147173,4.6,5.15
"17",2001,"Alabama",35160,2128027,5,5.15
"18",2002,"Alabama",37603,2112621,5.9,5.15
"19",2003,"Alabama",37255,2128668,6.1,5.15
"20",2004,"Alabama",36629,2138306,5.7,5.15
"21",2005,"Alabama",37150,2140356,4.4,5.15
"22",2006,"Alabama",37952,2170007,4,5.15
"23",2007,"Alabama",42212,2180448,4,5.15
"24",2008,"Alabama",44476,2176854,5.6,5.85
"25",2009,"Alabama",39980,2156593,10.2,6.55
"26",2010,"Alabama",40933,2197028,10.1,7.25
"27",2011,"Alabama",42590,2202337,9.8,7.25
"28",2012,"Alabama",43464,2178508,8.3,7.25
"29",2013,"Alabama",47320,2172102,7.3,7.25
"30",2014,"Alabama",42278,2164715,6.8,7.25
"31",2015,"Alabama",44509,2152295,6.2,7.25
"32",2016,"Alabama",47221,2155729,5.9,7.25
"33",2017,"Alabama",50865,2172455,4.5,7.25
"34",2018,"Alabama",49936,2207019,4,7.25
"35",1985,"Alaska",34782,249601,9.9,3.85
"36",1986,"Alaska",31356,254814,11.4,3.85
"37",1987,"Alaska",33233,249574,10.2,3.85
"38",1988,"Alaska",33103,250991,8.8,3.85
"39",1989,"Alaska",36006,257917,6.8,3.85
"40",1990,"Alaska",39298,270484,7.2,3.85
"41",1991,"Alaska",40612,276211,8.3,4.3
"42",1992,"Alaska",41802,286421,9,4.75
"43",1993,"Alaska",42931,294093,7.8,4.75
"44",1994,"Alaska",45367,300786,7.7,4.75
"45",1995,"Alaska",47954,302756,7.3,4.75
"46",1996,"Alaska",52779,308564,7.4,4.75
"47",1997,"Alaska",47994,312264,7,5.25
"48",1998,"Alaska",50692,315314,6.3,5.65
"49",1999,"Alaska",51396,318295,6.5,5.65
"50",2000,"Alaska",52847,319777,6.4,5.65
"51",2001,"Alaska",57363,321652,6.1,5.65
"52",2002,"Alaska",52774,327054,7.2,5.65
"53",2003,"Alaska",51837,332494,7.8,7.15
"54",2004,"Alaska",55063,337469,7.5,7.15
"55",2005,"Alaska",55891,344157,6.8,7.15
"56",2006,"Alaska",56418,348756,6.7,7.15
"57",2007,"Alaska",62993,350233,6.3,7.15
"58",2008,"Alaska",63989,355298,6.5,7.15
"59",2009,"Alaska",61604,359379,8.1,7.15
"60",2010,"Alaska",57848,361707,8,7.75
"61",2011,"Alaska",57431,364599,7.7,7.75
"62",2012,"Alaska",63648,364153,7.3,7.75
"63",2013,"Alaska",72472,363544,7,7.75
"64",2014,"Alaska",67629,364281,6.9,7.75
"65",2015,"Alaska",75112,362425,6.3,8.75
"66",2016,"Alaska",75723,362017,6.6,9.75
"67",2017,"Alaska",77987,361225,6.5,9.8
"68",2018,"Alaska",68734,356199,5.9,9.84
"69",1985,"Arizona",23877,1490450,6.6,3.35
"70",1986,"Arizona",25500,1569107,7.1,3.35
"71",1987,"Arizona",26749,1612643,6.4,3.35
"72",1988,"Arizona",26435,1662698,6.6,3.35
"73",1989,"Arizona",28552,1710093,5.3,3.35
"74",1990,"Arizona",29224,1785713,5.3,3.35
"75",1991,"Arizona",30737,1808277,5.5,3.8
"76",1992,"Arizona",29358,1875439,7.7,4.25
"77",1993,"Arizona",30510,1941133,6.2,4.25
"78",1994,"Arizona",31293,2105320,6.4,4.25
"79",1995,"Arizona",30863,2236926,5.4,4.25
"80",1996,"Arizona",31637,2287146,5.6,4.25
"81",1997,"Arizona",32740,2304915,4.5,4.75
"82",1998,"Arizona",37090,2389188,4.2,5.15
"83",1999,"Arizona",36995,2482545,4.6,5.15
"84",2000,"Arizona",39783,2510611,4,5.15
"85",2001,"Arizona",42704,2593664,4.4,5.15
"86",2002,"Arizona",39734,2683502,6.2,5.15
"87",2003,"Arizona",41166,2728649,5.9,5.15
"88",2004,"Arizona",43846,2788618,5,5.15
"89",2005,"Arizona",45245,2862517,4.7,5.15
"90",2006,"Arizona",46657,2970679,4.4,5.15
"91",2007,"Arizona",47215,3018805,3.5,6.75
"92",2008,"Arizona",46914,3095993,5.5,6.9
"93",2009,"Arizona",45739,3128891,9.7,7.25
"94",2010,"Arizona",46896,3096316,10.3,7.25
"95",2011,"Arizona",48621,3051937,9.6,7.35
"96",2012,"Arizona",47044,3054343,8.4,7.65
"97",2013,"Arizona",52611,3064554,7.9,7.8
"98",2014,"Arizona",49254,3118441,6.8,7.9
"99",2015,"Arizona",52248,3184445,6.1,8.05
"100",2016,"Arizona",57100,3253468,5.5,8.05
"101",2017,"Arizona",59700,3329618,4.9,10
"102",2018,"Arizona",62283,3428064,4.7,10.5
"103",1985,"Arkansas",17451,1054661,8.5,3.35
"104",1986,"Arkansas",18730,1072750,8.5,3.35
"105",1987,"Arkansas",18827,1092648,8.1,3.35
"106",1988,"Arkansas",20172,1107912,7.7,3.35
"107",1989,"Arkansas",21433,1123387,7.1,3.35
"108",1990,"Arkansas",22786,1130225,6.7,3.35
"109",1991,"Arkansas",23435,1136108,7.3,3.8
"110",1992,"Arkansas",23882,1159463,7.1,4.25
"111",1993,"Arkansas",23039,1174395,6.2,4.25
"112",1994,"Arkansas",25565,1206333,5.5,4.25
"113",1995,"Arkansas",25814,1222813,4.8,4.25
"114",1996,"Arkansas",27123,1237579,5.2,4.25
"115",1997,"Arkansas",26162,1239502,5.1,4.75
"116",1998,"Arkansas",27665,1244905,5,5.15
"117",1999,"Arkansas",29682,1256804,4.6,5.15
"118",2000,"Arkansas",29697,1260507,4.1,5.15
"119",2001,"Arkansas",33339,1261419,4.7,5.15
"120",2002,"Arkansas",32387,1276964,5.3,5.15
"121",2003,"Arkansas",32002,1282578,5.9,5.15
"122",2004,"Arkansas",34984,1302378,5.6,5.15
"123",2005,"Arkansas",36658,1333880,5.2,5.15
"124",2006,"Arkansas",37057,1346532,5.3,5.15
"125",2007,"Arkansas",40795,1350811,5.5,6.25
"126",2008,"Arkansas",39586,1357716,5.1,6.25
"127",2009,"Arkansas",36538,1353340,7.9,6.55
"128",2010,"Arkansas",38587,1353635,7.9,7.25
"129",2011,"Arkansas",41302,1357819,8,7.25
"130",2012,"Arkansas",39018,1349888,7.3,7.25
"131",2013,"Arkansas",39376,1331609,7.1,7.25
"132",2014,"Arkansas",44922,1327959,5.9,7.25
"133",2015,"Arkansas",42798,1339301,5.1,7.5
"134",2016,"Arkansas",45907,1343891,4,8
"135",2017,"Arkansas",49751,1350036,3.7,8.5
"136",2018,"Arkansas",49781,1352670,3.6,8.5
"137",1985,"California",26981,12968975,7.3,3.35
"138",1986,"California",29010,13337468,6.8,3.35
"139",1987,"California",30146,13740589,5.8,3.35
"140",1988,"California",30287,14135934,5.3,3.35
"141",1989,"California",33009,14537086,5.1,3.35
"142",1990,"California",33290,15141715,5.5,3.35
"143",1991,"California",33664,15130481,7.8,4.25
"144",1992,"California",34903,15303861,9.4,4.25
"145",1993,"California",34073,15262269,9.6,4.25
"146",1994,"California",35331,15266381,8.7,4.25
"147",1995,"California",37009,15272582,8,4.25
"148",1996,"California",38812,15399748,7.4,4.25
"149",1997,"California",39694,15806263,6.4,4.75
"150",1998,"California",40934,16174071,5.9,5.15
"151",1999,"California",43629,16444135,5.3,5.15
"152",2000,"California",46816,16837536,5,5.75
"153",2001,"California",47262,17096428,5.2,6.25
"154",2002,"California",47437,17246528,6.8,6.75
"155",2003,"California",49300,17271899,7,6.75
"156",2004,"California",49222,17374506,6.3,6.75
"157",2005,"California",51755,17537931,5.3,6.75
"158",2006,"California",55319,17661179,4.9,6.75
"159",2007,"California",55734,17910726,5.2,7.5
"160",2008,"California",57014,18179907,7,8
"161",2009,"California",56134,18305953,11.7,8
"162",2010,"California",54283,18370536,12.4,8
"163",2011,"California",53367,18406756,12,8
"164",2012,"California",57020,18484881,10.7,8
"165",2013,"California",60794,18565408,9.1,8
"166",2014,"California",60487,18676692,7.6,9
"167",2015,"California",63636,18824141,6.3,9
"168",2016,"California",66637,19012017,5.5,10
"169",2017,"California",70038,19173778,4.8,10
"170",2018,"California",70489,19263895,4.2,11
"171",1985,"Colorado",28182,1710753,5.9,3.35
"172",1986,"Colorado",27192,1705113,7.4,3.35
"173",1987,"Colorado",26476,1702950,7.6,3.35
"174",1988,"Colorado",26214,1706310,6.4,3.35
"175",1989,"Colorado",26806,1711102,5.6,3.35
"176",1990,"Colorado",30733,1771283,5.2,3.35
"177",1991,"Colorado",31499,1802962,5.2,3.8
"178",1992,"Colorado",32484,1847634,6.2,4.25
"179",1993,"Colorado",34488,1929295,5.4,4.25
"180",1994,"Colorado",37833,2036075,4.2,4.25
"181",1995,"Colorado",40706,2125533,4.1,4.25
"182",1996,"Colorado",40950,2157862,4.3,4.25
"183",1997,"Colorado",43233,2214834,3.2,4.75
"184",1998,"Colorado",46599,2304973,3.7,5.15
"185",1999,"Colorado",48177,2337540,3.1,5.15
"186",2000,"Colorado",48240,2358371,2.8,5.15
"187",2001,"Colorado",49397,2396012,3.4,5.15
"188",2002,"Colorado",48294,2448903,5.6,5.15
"189",2003,"Colorado",49940,2490397,6.3,5.15
"190",2004,"Colorado",50886,2539389,5.5,5.15
"191",2005,"Colorado",50449,2572382,5.1,5.15
"192",2006,"Colorado",55697,2640452,4.4,5.15
"193",2007,"Colorado",61141,2687742,3.5,6.85
"194",2008,"Colorado",60943,2734398,4.7,7.02
"195",2009,"Colorado",55930,2730604,8.1,7.28
"196",2010,"Colorado",60233,2715723,9,7.25
"197",2011,"Colorado",58629,2730262,8.7,7.36
"198",2012,"Colorado",57255,2749192,8.2,7.64
"199",2013,"Colorado",67912,2766140,6.8,7.78
"200",2014,"Colorado",60940,2800666,5,8
"201",2015,"Colorado",66596,2825761,3.8,8.23
"202",2016,"Colorado",70566,2894157,3.2,8.31
"203",2017,"Colorado",74984,2982495,2.5,9.3
"204",2018,"Colorado",73034,3071396,3.1,10.2
"205",1985,"Connecticut",31090,1702636,4.5,3.37
"206",1986,"Connecticut",32721,1733909,3.8,3.37
"207",1987,"Connecticut",32862,1747296,3.1,3.37
"208",1988,"Connecticut",36213,1746477,2.8,3.75
"209",1989,"Connecticut",42321,1768762,3.5,3.75
"210",1990,"Connecticut",38870,1817089,4.8,3.75
"211",1991,"Connecticut",42154,1828627,6.6,4.25
"212",1992,"Connecticut",40841,1818780,7.4,4.27
"213",1993,"Connecticut",39516,1794548,6.6,4.27
"214",1994,"Connecticut",41097,1758522,5.5,4.27
"215",1995,"Connecticut",40243,1740557,5.4,4.27
"216",1996,"Connecticut",42119,1749240,5.2,4.27
"217",1997,"Connecticut",43985,1754598,4.8,4.77
"218",1998,"Connecticut",46508,1740279,3.2,5.18
"219",1999,"Connecticut",50593,1744020,2.5,5.18
"220",2000,"Connecticut",50172,1760697,2.1,6.15
"221",2001,"Connecticut",53347,1749195,2.8,6.4
"222",2002,"Connecticut",53387,1776064,4.3,6.7
"223",2003,"Connecticut",54965,1785737,5.6,6.9
"224",2004,"Connecticut",55100,1777510,5.1,7.1
"225",2005,"Connecticut",56835,1794301,4.8,7.1
"226",2006,"Connecticut",62404,1831083,4.4,7.4
"227",2007,"Connecticut",64141,1856008,4.4,7.65
"228",2008,"Connecticut",64682,1878120,5.5,7.65
"229",2009,"Connecticut",64851,1888374,8.3,8
"230",2010,"Connecticut",65998,1911289,9.5,8.25
"231",2011,"Connecticut",65415,1914449,9.1,8.25
"232",2012,"Connecticut",64247,1887545,8.4,8.25
"233",2013,"Connecticut",69291,1867378,8.1,8.25
"234",2014,"Connecticut",70161,1889102,6.6,8.7
"235",2015,"Connecticut",72889,1892087,5.6,9.15
"236",2016,"Connecticut",75923,1893200,4.9,9.6
"237",2017,"Connecticut",74304,1903348,4.4,10.1
"238",2018,"Connecticut",72812,1905382,3.9,10.1
"239",1985,"Delaware",22980,316616,5.2,3.35
"240",1986,"Delaware",25626,324432,4.5,3.35
"241",1987,"Delaware",29244,333239,3,3.35
"242",1988,"Delaware",30505,347343,2.9,3.35
"243",1989,"Delaware",32068,357909,3.4,3.35
"244",1990,"Delaware",30804,360126,3.6,3.35
"245",1991,"Delaware",32585,362077,5.9,3.8
"246",1992,"Delaware",35678,366987,5.3,4.25
"247",1993,"Delaware",36064,375853,4.9,4.25
"248",1994,"Delaware",35873,384251,4.8,4.25
"249",1995,"Delaware",34928,385976,4.2,4.25
"250",1996,"Delaware",39309,388837,4.8,4.65
"251",1997,"Delaware",43033,389712,4.1,5
"252",1998,"Delaware",41458,396044,3.6,5.15
"253",1999,"Delaware",46628,400120,3.3,5.15
"254",2000,"Delaware",50365,412956,3.7,5.65
"255",2001,"Delaware",49602,421563,3.3,6.15
"256",2002,"Delaware",49650,417207,4.3,6.15
"257",2003,"Delaware",49019,415890,4.6,6.15
"258",2004,"Delaware",48049,421093,4.3,6.15
"259",2005,"Delaware",51235,433375,4.5,6.15
"260",2006,"Delaware",52438,443228,4,6.15
"261",2007,"Delaware",54589,445306,3.5,6.65
"262",2008,"Delaware",50702,450265,4.7,7.15
"263",2009,"Delaware",52114,438383,8.4,7.15
"264",2010,"Delaware",55214,436196,8.6,7.25
"265",2011,"Delaware",54660,443971,7.7,7.25
"266",2012,"Delaware",48972,445962,7.1,7.25
"267",2013,"Delaware",54091,443551,6.7,7.25
"268",2014,"Delaware",57522,452712,5.7,7.75
"269",2015,"Delaware",57756,462752,4.8,8.25
"270",2016,"Delaware",58046,468808,4.5,8.25
"271",2017,"Delaware",64961,475671,4.4,8.25
"272",2018,"Delaware",65012,481179,3.6,8.25
"273",1985,"Florida",21343,5339493,6.2,3.35
"274",1986,"Florida",22849,5579374,5.9,3.35
"275",1987,"Florida",24489,5860506,5.4,3.35
"276",1988,"Florida",25406,6074954,5.1,3.35
"277",1989,"Florida",26085,6259000,5.6,3.35
"278",1990,"Florida",26685,6482725,6.1,3.35
"279",1991,"Florida",27252,6510989,7.6,3.8
"280",1992,"Florida",27349,6626483,8.5,4.25
"281",1993,"Florida",28550,6762182,7.4,4.25
"282",1994,"Florida",29294,6935038,6.6,4.25
"283",1995,"Florida",29745,7041153,5.6,4.25
"284",1996,"Florida",30641,7179271,5.3,4.25
"285",1997,"Florida",32455,7385282,4.9,4.75
"286",1998,"Florida",34909,7549879,4.5,5.15
"287",1999,"Florida",35831,7702482,4,5.15
"288",2000,"Florida",38856,7917857,3.8,5.15
"289",2001,"Florida",36421,8048882,4.2,5.15
"290",2002,"Florida",38024,8050051,5,5.15
"291",2003,"Florida",38972,8123135,4.6,5.15
"292",2004,"Florida",40535,8347316,3.8,5.15
"293",2005,"Florida",42990,8647279,2.8,5.15
"294",2006,"Florida",45676,8927098,2.4,6.4
"295",2007,"Florida",45794,9113604,3.2,6.67
"296",2008,"Florida",44857,9156458,5.5,6.79
"297",2009,"Florida",45631,8987789,9.7,7.21
"298",2010,"Florida",44066,9147107,10.8,7.25
"299",2011,"Florida",45105,9260348,10.1,7.25
"300",2012,"Florida",46071,9335727,8.8,7.67
"301",2013,"Florida",48532,9414664,7.6,7.79
"302",2014,"Florida",46140,9546407,6.5,7.93
"303",2015,"Florida",48825,9639737,5.6,8.05
"304",2016,"Florida",51176,9841301,4.9,8.05
"305",2017,"Florida",53086,10032422,4.2,8.1
"306",2018,"Florida",54644,10166231,3.6,8.25
"307",1985,"Georgia",21049,2874345,6.6,3.35
"308",1986,"Georgia",24370,2979197,6,3.35
"309",1987,"Georgia",26714,3057532,5.4,3.35
"310",1988,"Georgia",26566,3147975,5.6,3.35
"311",1989,"Georgia",27542,3208172,5.5,3.35
"312",1990,"Georgia",27561,3290128,5.3,3.35
"313",1991,"Georgia",27212,3315973,5.3,3.8
"314",1992,"Georgia",28797,3421655,6.9,4.25
"315",1993,"Georgia",31663,3501845,5.7,4.25
"316",1994,"Georgia",31467,3606992,5.1,4.25
"317",1995,"Georgia",34099,3689479,4.9,4.25
"318",1996,"Georgia",32496,3806941,4.5,4.25
"319",1997,"Georgia",36663,3944461,4.5,4.75
"320",1998,"Georgia",38665,4047860,4.2,5.15
"321",1999,"Georgia",39425,4129058,3.8,5.15
"322",2000,"Georgia",41901,4202695,3.6,5.15
"323",2001,"Georgia",42576,4257901,3.8,5.15
"324",2002,"Georgia",42939,4341617,5.3,5.15
"325",2003,"Georgia",42438,4414282,5.3,5.15
"326",2004,"Georgia",40984,4464780,5,5.15
"327",2005,"Georgia",45926,4598159,5.7,5.15
"328",2006,"Georgia",49344,4713863,5.1,5.15
"329",2007,"Georgia",48641,4810264,4.8,5.15
"330",2008,"Georgia",46227,4863225,6.4,5.85
"331",2009,"Georgia",43340,4792150,10.6,6.55
"332",2010,"Georgia",44117,4709781,10.5,7.25
"333",2011,"Georgia",45973,4739281,10.3,7.25
"334",2012,"Georgia",48121,4770618,9.1,7.25
"335",2013,"Georgia",46992,4750046,8.2,7.25
"336",2014,"Georgia",49555,4745859,7.3,7.25
"337",2015,"Georgia",50768,4734088,6.1,7.25
"338",2016,"Georgia",53527,4921814,5.4,7.25
"339",2017,"Georgia",57985,5106156,4.8,7.25
"340",2018,"Georgia",55821,5118256,4,7.25
"341",1985,"Hawaii",28961,481644,5.3,3.35
"342",1986,"Hawaii",29003,493152,4.8,3.35
"343",1987,"Hawaii",35022,511531,3.8,3.35
"344",1988,"Hawaii",33024,518264,3,3.85
"345",1989,"Hawaii",35035,530024,2.3,3.85
"346",1990,"Hawaii",38921,550484,2.6,3.85
"347",1991,"Hawaii",37246,564852,2.7,3.85
"348",1992,"Hawaii",42113,576944,4.2,4.25
"349",1993,"Hawaii",42662,582121,4.2,4.25
"350",1994,"Hawaii",42255,583221,5.2,5.25
"351",1995,"Hawaii",42851,585368,5.6,5.25
"352",1996,"Hawaii",41772,594972,5.9,5.25
"353",1997,"Hawaii",40934,601737,6,5.25
"354",1998,"Hawaii",40827,602650,5.9,5.25
"355",1999,"Hawaii",44504,603670,5.3,5.25
"356",2000,"Hawaii",51546,605395,4.3,5.25
"357",2001,"Hawaii",47439,607556,4.1,5.25
"358",2002,"Hawaii",47303,601786,4,5.75
"359",2003,"Hawaii",51834,603936,4.1,6.25
"360",2004,"Hawaii",56242,611752,3.2,6.25
"361",2005,"Hawaii",59586,625530,2.7,6.25
"362",2006,"Hawaii",60470,635415,2.7,6.75
"363",2007,"Hawaii",64022,636710,2.7,7.25
"364",2008,"Hawaii",61521,641526,3.8,7.25
"365",2009,"Hawaii",55649,631970,6.8,7.25
"366",2010,"Hawaii",59539,648549,6.8,7.25
"367",2011,"Hawaii",59047,660634,6.9,7.25
"368",2012,"Hawaii",56263,650415,6.1,7.25
"369",2013,"Hawaii",64235,650978,4.7,7.25
"370",2014,"Hawaii",71223,664014,4.3,7.25
"371",2015,"Hawaii",64514,670594,3.4,7.75
"372",2016,"Hawaii",72133,679121,2.9,8.5
"373",2017,"Hawaii",73599,679783,2.2,9.25
"374",2018,"Hawaii",80108,675187,2.3,10.1
"375",1985,"Idaho",20761,466831,7.9,3.35
"376",1986,"Idaho",20749,472247,8.5,3.35
"377",1987,"Idaho",20755,472236,7.7,3.35
"378",1988,"Idaho",23450,479331,6.2,3.35
"379",1989,"Idaho",24654,490404,5.5,3.35
"380",1990,"Idaho",25305,494169,5.6,3.35
"381",1991,"Idaho",26116,509647,6.3,3.8
"382",1992,"Idaho",27704,529651,6.6,4.25
"383",1993,"Idaho",31010,551298,6.2,4.25
"384",1994,"Idaho",31536,587593,5.4,4.25
"385",1995,"Idaho",32676,602000,5.5,4.25
"386",1996,"Idaho",34709,617087,5.4,4.25
"387",1997,"Idaho",33404,632640,5.2,4.75
"388",1998,"Idaho",36680,651254,5.2,5.15
"389",1999,"Idaho",35800,653982,5.1,5.15
"390",2000,"Idaho",37611,661066,4.7,5.15
"391",2001,"Idaho",38241,678281,5,5.15
"392",2002,"Idaho",37715,685650,5.6,5.15
"393",2003,"Idaho",42372,691702,5.7,5.15
"394",2004,"Idaho",44358,702872,4.9,5.15
"395",2005,"Idaho",44176,730354,4,5.15
"396",2006,"Idaho",46213,744475,3.5,5.15
"397",2007,"Idaho",49184,755287,2.9,5.15
"398",2008,"Idaho",47420,759676,5.1,5.85
"399",2009,"Idaho",46778,763633,9.1,6.55
"400",2010,"Idaho",47050,762147,8.7,7.25
"401",2011,"Idaho",47459,764205,8.3,7.25
"402",2012,"Idaho",47922,772112,7.5,7.25
"403",2013,"Idaho",48467,777606,6.9,7.25
"404",2014,"Idaho",53438,776937,4,7.25
"405",2015,"Idaho",51624,795014,3.9,7.25
"406",2016,"Idaho",56564,812921,3.7,7.25
"407",2017,"Idaho",59497,833996,3.1,7.25
"408",2018,"Idaho",58728,855263,2.7,7.25
"409",1985,"Illinois",24870,5659777,9.2,3.35
"410",1986,"Illinois",26511,5693266,8.4,3.35
"411",1987,"Illinois",27084,5764392,7.5,3.35
"412",1988,"Illinois",29524,5839006,6.8,3.35
"413",1989,"Illinois",31300,5994480,5.9,3.35
"414",1990,"Illinois",32542,5928974,6.2,3.35
"415",1991,"Illinois",31884,5929544,7.1,3.8
"416",1992,"Illinois",31551,6028864,8.1,4.25
"417",1993,"Illinois",32857,6078012,7.8,4.25
"418",1994,"Illinois",35081,6112726,5.8,4.25
"419",1995,"Illinois",38071,6173214,5.2,4.25
"420",1996,"Illinois",39554,6244016,5.4,4.25
"421",1997,"Illinois",41283,6296315,4.6,4.75
"422",1998,"Illinois",43178,6339411,4.3,5.15
"423",1999,"Illinois",46330,6463079,4.6,5.15
"424",2000,"Illinois",46064,6494429,4.4,5.15
"425",2001,"Illinois",46171,6454092,5.3,5.15
"426",2002,"Illinois",42710,6341891,6.6,5.15
"427",2003,"Illinois",45153,6310520,6.8,5.15
"428",2004,"Illinois",46077,6348716,6.2,5.5
"429",2005,"Illinois",48398,6410767,5.8,6.5
"430",2006,"Illinois",48671,6515687,4.5,6.5
"431",2007,"Illinois",52506,6639198,5,7.5
"432",2008,"Illinois",53254,6652942,6.4,7.75
"433",2009,"Illinois",52870,6601620,10.3,8
"434",2010,"Illinois",50728,6612433,10.4,8.25
"435",2011,"Illinois",50637,6567531,9.9,8.25
"436",2012,"Illinois",51738,6583689,9.1,8.25
"437",2013,"Illinois",53937,6556593,9.2,8.25
"438",2014,"Illinois",54916,6516372,7.2,8.25
"439",2015,"Illinois",60413,6511797,6,8.25
"440",2016,"Illinois",61386,6559038,5.9,8.25
"441",2017,"Illinois",65969,6485462,4.9,8.25
"442",2018,"Illinois",70145,6472193,4.3,8.25
"443",1985,"Indiana",22675,2701795,7.9,3.35
"444",1986,"Indiana",22728,2740825,6.9,3.35
"445",1987,"Indiana",22519,2747749,6.3,3.35
"446",1988,"Indiana",26293,2791749,5.2,3.35
"447",1989,"Indiana",25898,2850748,4.5,3.35
"448",1990,"Indiana",26928,2810678,5,3.35
"449",1991,"Indiana",27089,2800684,5.7,3.8
"450",1992,"Indiana",28530,2860440,6.3,4.25
"451",1993,"Indiana",29475,2949646,5.7,4.25
"452",1994,"Indiana",27858,3053341,4.7,4.25
"453",1995,"Indiana",33385,3122864,4.5,4.25
"454",1996,"Indiana",35147,3099954,4,4.25
"455",1997,"Indiana",38889,3118016,3.4,4.75
"456",1998,"Indiana",39731,3121554,2.9,5.15
"457",1999,"Indiana",40838,3121742,2.9,5.15
"458",2000,"Indiana",40865,3125304,3.1,5.15
"459",2001,"Indiana",40379,3143985,4,5.15
"460",2002,"Indiana",41047,3161709,5.2,5.15
"461",2003,"Indiana",42425,3178568,5.3,5.15
"462",2004,"Indiana",42329,3165247,5.3,5.15
"463",2005,"Indiana",42437,3202215,5.3,5.15
"464",2006,"Indiana",45407,3235980,5.1,5.15
"465",2007,"Indiana",47453,3202589,4.5,5.15
"466",2008,"Indiana",46520,3244790,5.5,5.85
"467",2009,"Indiana",44305,3216535,10.5,6.55
"468",2010,"Indiana",46139,3175885,10.1,7.25
"469",2011,"Indiana",44445,3189011,8.9,7.25
"470",2012,"Indiana",46158,3172556,8.2,7.25
"471",2013,"Indiana",49455,3193683,7.7,7.25
"472",2014,"Indiana",48060,3228524,6,7.25
"473",2015,"Indiana",51983,3266392,4.7,7.25
"474",2016,"Indiana",56094,3331821,4.4,7.25
"475",2017,"Indiana",58767,3327615,3.4,7.25
"476",2018,"Indiana",59892,3378165,3.4,7.25
"477",1985,"Iowa",20927,1423606,7.4,3.35
"478",1986,"Iowa",22459,1443125,6.9,3.35
"479",1987,"Iowa",22190,1461652,5.7,3.35
"480",1988,"Iowa",24305,1489045,4.7,3.35
"481",1989,"Iowa",26265,1502484,4.3,3.35
"482",1990,"Iowa",27288,1453820,4.4,3.35
"483",1991,"Iowa",28553,1470842,4.7,4.25
"484",1992,"Iowa",28743,1525309,4.5,4.65
"485",1993,"Iowa",28663,1555790,4.2,4.65
"486",1994,"Iowa",33079,1575089,3.5,4.65
"487",1995,"Iowa",35519,1588738,3.6,4.65
"488",1996,"Iowa",33209,1609787,3.6,4.65
"489",1997,"Iowa",33783,1600216,3.1,4.75
"490",1998,"Iowa",37019,1594041,2.8,5.15
"491",1999,"Iowa",41098,1593440,2.7,5.15
"492",2000,"Iowa",40991,1594400,2.6,5.15
"493",2001,"Iowa",40976,1610634,3.2,5.15
"494",2002,"Iowa",41049,1629047,4,5.15
"495",2003,"Iowa",41384,1607931,4.6,5.15
"496",2004,"Iowa",43391,1607438,4.5,5.15
"497",2005,"Iowa",46500,1628510,4.3,5.15
"498",2006,"Iowa",48126,1655924,3.6,5.15
"499",2007,"Iowa",48908,1662155,3.7,5.15
"500",2008,"Iowa",50142,1682209,4,7.25
"501",2009,"Iowa",50721,1677059,6.6,7.25
"502",2010,"Iowa",49016,1674411,6,7.25
"503",2011,"Iowa",50219,1670056,5.7,7.25
"504",2012,"Iowa",53442,1660180,5.1,7.25
"505",2013,"Iowa",60156,1676565,4.8,7.25
"506",2014,"Iowa",57810,1698718,4.3,7.25
"507",2015,"Iowa",60855,1700549,3.7,7.25
"508",2016,"Iowa",59094,1703164,3.7,7.25
"509",2017,"Iowa",63467,1686470,3.1,7.25
"510",2018,"Iowa",68718,1701663,2.5,7.25
"511",1985,"Kansas",22788,1230529,5.1,3.35
"512",1986,"Kansas",23926,1249332,5.5,3.35
"513",1987,"Kansas",25583,1264347,4.8,3.35
"514",1988,"Kansas",25566,1275408,4.5,3.35
"515",1989,"Kansas",26862,1279617,4.1,3.35
"516",1990,"Kansas",29917,1272578,4.1,3.35
"517",1991,"Kansas",29295,1285549,4.5,3.8
"518",1992,"Kansas",30346,1310475,4.6,4.25
"519",1993,"Kansas",29770,1328417,5,4.25
"520",1994,"Kansas",28322,1346332,4.7,4.25
"521",1995,"Kansas",30341,1354129,4.4,4.25
"522",1996,"Kansas",32585,1367812,4.3,4.25
"523",1997,"Kansas",36471,1380868,3.7,4.75
"524",1998,"Kansas",36711,1399168,3.7,5.15
"525",1999,"Kansas",37348,1406631,3.5,5.15
"526",2000,"Kansas",41059,1402606,3.8,5.15
"527",2001,"Kansas",41415,1398521,4.1,5.15
"528",2002,"Kansas",42619,1419335,5.1,5.15
"529",2003,"Kansas",44232,1441065,5.7,5.15
"530",2004,"Kansas",41066,1458910,5.5,5.15
"531",2005,"Kansas",42027,1458767,5,5.15
"532",2006,"Kansas",45552,1467553,4.4,5.15
"533",2007,"Kansas",48497,1485414,4.2,5.15
"534",2008,"Kansas",47877,1493365,4.4,5.85
"535",2009,"Kansas",44717,1512572,7.2,6.55
"536",2010,"Kansas",46054,1500463,6.8,7.25
"537",2011,"Kansas",46147,1498000,6.4,7.25
"538",2012,"Kansas",50003,1490808,5.7,7.25
"539",2013,"Kansas",47820,1489395,5.4,7.25
"540",2014,"Kansas",53444,1494203,4.5,7.25
"541",2015,"Kansas",54865,1493782,4.2,7.25
"542",2016,"Kansas",56810,1491961,4,7.25
"543",2017,"Kansas",56900,1483648,3.6,7.25
"544",2018,"Kansas",63938,1483633,3.2,7.25
"545",1985,"Kentucky",17361,1698511,9,3.35
"546",1986,"Kentucky",19874,1704885,9.2,3.35
"547",1987,"Kentucky",20673,1702424,8.2,3.35
"548",1988,"Kentucky",19907,1714898,7.6,3.35
"549",1989,"Kentucky",23283,1740171,6.4,3.35
"550",1990,"Kentucky",24780,1754564,5.8,3.35
"551",1991,"Kentucky",23764,1759884,7.4,3.8
"552",1992,"Kentucky",23485,1777326,6.9,4.25
"553",1993,"Kentucky",24376,1800303,6.3,4.25
"554",1994,"Kentucky",26595,1828635,5.3,4.25
"555",1995,"Kentucky",29810,1856613,5.5,4.25
"556",1996,"Kentucky",32413,1873508,5.2,4.25
"557",1997,"Kentucky",33452,1910330,5.3,4.75
"558",1998,"Kentucky",36252,1923021,4.5,5.15
"559",1999,"Kentucky",33738,1947152,4.6,5.15
"560",2000,"Kentucky",36265,1957400,4.1,5.15
"561",2001,"Kentucky",38437,1953834,5.1,5.15
"562",2002,"Kentucky",36762,1944682,5.7,5.15
"563",2003,"Kentucky",36936,1965881,6.4,5.15
"564",2004,"Kentucky",35610,1969935,5.5,5.15
"565",2005,"Kentucky",36699,1991726,5.8,5.15
"566",2006,"Kentucky",39485,2026144,5.7,5.15
"567",2007,"Kentucky",39452,2035493,5.3,5.15
"568",2008,"Kentucky",41148,2038225,6.1,5.85
"569",2009,"Kentucky",42664,2064847,11.2,6.55
"570",2010,"Kentucky",41104,2065023,10.1,7.25
"571",2011,"Kentucky",39856,2061500,9.5,7.25
"572",2012,"Kentucky",41086,2060084,8.2,7.25
"573",2013,"Kentucky",44879,2055895,8,7.25
"574",2014,"Kentucky",42786,2006518,6.5,7.25
"575",2015,"Kentucky",42387,1979641,5.2,7.25
"576",2016,"Kentucky",45369,2015645,4.9,7.25
"577",2017,"Kentucky",49672,2049909,4.9,7.25
"578",2018,"Kentucky",54555,2052876,4.2,7.25
"579",1985,"Louisiana",21179,1970579,11.5,3.35
"580",1986,"Louisiana",20890,1973584,12.6,3.35
"581",1987,"Louisiana",21349,1950906,11.8,3.35
"582",1988,"Louisiana",20497,1926370,10.7,3.35
"583",1989,"Louisiana",22861,1887656,8,3.35
"584",1990,"Louisiana",22405,1866683,5.9,3.35
"585",1991,"Louisiana",25299,1904952,7.3,3.8
"586",1992,"Louisiana",25439,1924722,8,4.25
"587",1993,"Louisiana",26312,1909259,7.3,4.25
"588",1994,"Louisiana",25676,1951910,7.7,4.25
"589",1995,"Louisiana",27949,1963728,6.9,4.25
"590",1996,"Louisiana",30262,1989419,6.5,4.25
"591",1997,"Louisiana",33260,2007671,6,4.75
"592",1998,"Louisiana",31735,2029167,5.7,5.15
"593",1999,"Louisiana",32654,2025623,4.9,5.15
"594",2000,"Louisiana",30718,2026392,5.1,5.15
"595",2001,"Louisiana",33322,2027220,5.3,5.15
"596",2002,"Louisiana",34008,2013652,5.9,5.15
"597",2003,"Louisiana",33507,2024914,6.7,5.15
"598",2004,"Louisiana",36429,2030415,5.8,5.15
"599",2005,"Louisiana",37236,2078215,5.4,5.15
"600",2006,"Louisiana",36488,2001297,3.9,5.15
"601",2007,"Louisiana",41313,2026793,4.2,5.15
"602",2008,"Louisiana",39563,2064692,4.4,5.85
"603",2009,"Louisiana",45433,2067873,7,6.55
"604",2010,"Louisiana",39300,2084462,7.4,7.25
"605",2011,"Louisiana",40658,2080525,7.4,7.25
"606",2012,"Louisiana",39085,2089644,6.8,7.25
"607",2013,"Louisiana",46425,2101974,6.6,7.25
"608",2014,"Louisiana",42406,2141519,6.2,7.25
"609",2015,"Louisiana",45922,2150050,6.3,7.25
"610",2016,"Louisiana",42196,2123690,6.1,7.25
"611",2017,"Louisiana",43565,2108493,5.1,7.25
"612",2018,"Louisiana",49973,2114675,4.4,7.25
"613",1985,"Maine",20519,555178,5.6,3.35
"614",1986,"Maine",23424,565923,5.3,3.35
"615",1987,"Maine",23600,585565,4.3,3.35
"616",1988,"Maine",26402,598183,3.7,3.65
"617",1989,"Maine",28221,612636,4,3.65
"618",1990,"Maine",27464,631993,4.9,3.65
"619",1991,"Maine",27868,640500,8,3.85
"620",1992,"Maine",29617,641459,7.3,4.25
"621",1993,"Maine",27438,630159,6.8,4.25
"622",1994,"Maine",30316,627061,6.7,4.25
"623",1995,"Maine",33858,639131,6,4.25
"624",1996,"Maine",34696,654553,5.3,4.25
"625",1997,"Maine",32772,658175,5.2,4.75
"626",1998,"Maine",35640,655518,4.4,5.15
"627",1999,"Maine",38862,668939,4.1,5.15
"628",2000,"Maine",37266,677489,3.3,5.15
"629",2001,"Maine",36612,674958,3.7,5.15
"630",2002,"Maine",36853,678559,4.4,5.75
"631",2003,"Maine",37113,685165,5.3,6.25
"632",2004,"Maine",41329,685989,4.6,6.25
"633",2005,"Maine",43923,695280,4.9,6.35
"634",2006,"Maine",45642,700747,4.7,6.5
"635",2007,"Maine",47894,699753,4.7,6.75
"636",2008,"Maine",47228,701930,5.1,7
"637",2009,"Maine",47502,697698,8.6,7.25
"638",2010,"Maine",47931,697832,8.3,7.5
"639",2011,"Maine",49693,698979,7.8,7.5
"640",2012,"Maine",49158,700730,7.3,7.5
"641",2013,"Maine",54957,704240,6.7,7.5
"642",2014,"Maine",51710,698035,5.6,7.5
"643",2015,"Maine",50756,687859,4.4,7.5
"644",2016,"Maine",50856,693917,3.8,7.5
"645",2017,"Maine",53316,699532,3.4,9
"646",2018,"Maine",58663,698266,3.2,10
"647",1985,"Maryland",30136,2278294,4.7,3.35
"648",1986,"Maryland",30604,2350842,4.5,3.35
"649",1987,"Maryland",34970,2406952,4.2,3.35
"650",1988,"Maryland",36552,2458361,4.2,3.35
"651",1989,"Maryland",36016,2507844,3.8,3.35
"652",1990,"Maryland",38857,2574511,4.1,3.35
"653",1991,"Maryland",36952,2616219,5.9,3.8
"654",1992,"Maryland",37203,2655427,6.6,4.25
"655",1993,"Maryland",39939,2661634,6.1,4.25
"656",1994,"Maryland",39198,2689237,5.2,4.25
"657",1995,"Maryland",41041,2712757,5,4.25
"658",1996,"Maryland",43993,2749092,4.9,4.25
"659",1997,"Maryland",46685,2771027,4.8,4.75
"660",1998,"Maryland",50016,2763123,4.3,5.15
"661",1999,"Maryland",52205,2770084,3.5,5.15
"662",2000,"Maryland",54535,2801391,3.6,5.15
"663",2001,"Maryland",53530,2836279,4,5.15
"664",2002,"Maryland",56407,2872367,4.8,5.15
"665",2003,"Maryland",52314,2881024,4.9,5.15
"666",2004,"Maryland",57103,2885111,4.6,5.15
"667",2005,"Maryland",60512,2931581,4.5,5.15
"668",2006,"Maryland",63668,2984444,4.3,5.15
"669",2007,"Maryland",65630,2989317,3.7,6.15
"670",2008,"Maryland",63711,3027934,4.2,6.15
"671",2009,"Maryland",64186,3049869,7.7,6.55
"672",2010,"Maryland",64201,3078368,7.8,7.25
"673",2011,"Maryland",68876,3097300,7.4,7.25
"674",2012,"Maryland",71836,3120947,6.9,7.25
"675",2013,"Maryland",69353,3128908,6.6,7.25
"676",2014,"Maryland",76165,3125017,5.8,7.25
"677",2015,"Maryland",73594,3139988,5,8.25
"678",2016,"Maryland",73760,3155918,4.3,8.75
"679",2017,"Maryland",82093,3202702,4,8.75
"680",2018,"Maryland",86223,3215107,4.8,10.1
"681",1985,"Massachusetts",28207,3053401,4.2,3.35
"682",1986,"Massachusetts",30339,3067544,4.1,3.35
"683",1987,"Massachusetts",32241,3102943,3.3,3.35
"684",1988,"Massachusetts",33213,3153105,3.3,3.65
"685",1989,"Massachusetts",36086,3186592,4.1,3.65
"686",1990,"Massachusetts",36247,3233071,6.1,3.65
"687",1991,"Massachusetts",35714,3184304,9,3.8
"688",1992,"Massachusetts",36359,3184569,8.9,4.25
"689",1993,"Massachusetts",37064,3187638,7.3,4.25
"690",1994,"Massachusetts",40500,3196893,6.3,4.25
"691",1995,"Massachusetts",38574,3203588,5.5,4.25
"692",1996,"Massachusetts",39494,3236058,4.6,4.75
"693",1997,"Massachusetts",42023,3305601,4.1,5.25
"694",1998,"Massachusetts",42345,3331560,3.3,5.25
"695",1999,"Massachusetts",44005,3358739,3.3,5.25
"696",2000,"Massachusetts",46753,3340566,2.8,6
"697",2001,"Massachusetts",52253,3386892,3.6,6.75
"698",2002,"Massachusetts",49855,3436864,5.2,6.75
"699",2003,"Massachusetts",50955,3418989,5.9,6.75
"700",2004,"Massachusetts",52019,3400830,5.1,6.75
"701",2005,"Massachusetts",56017,3385536,4.7,6.75
"702",2006,"Massachusetts",55330,3411688,4.7,6.75
"703",2007,"Massachusetts",58463,3433239,4.5,7.5
"704",2008,"Massachusetts",60320,3465906,5.1,8
"705",2009,"Massachusetts",59373,3470431,8.2,8
"706",2010,"Massachusetts",60934,3479304,8,8
"707",2011,"Massachusetts",63313,3484135,7.3,8
"708",2012,"Massachusetts",63656,3506457,6.7,8
"709",2013,"Massachusetts",62529,3516689,6.7,8
"710",2014,"Massachusetts",63151,3569557,5.8,8
"711",2015,"Massachusetts",67861,3589409,4.8,9
"712",2016,"Massachusetts",72266,3617498,4,10
"713",2017,"Massachusetts",76243,3682039,3.8,11
"714",2018,"Massachusetts",86345,3763163,3.5,11
"715",1985,"Michigan",24242,4359727,10.2,3.35
"716",1986,"Michigan",26605,4401700,9.1,3.35
"717",1987,"Michigan",27702,4506324,8.5,3.35
"718",1988,"Michigan",29472,4548841,7.4,3.35
"719",1989,"Michigan",30775,4608840,7,3.35
"720",1990,"Michigan",29937,4614499,7.4,3.35
"721",1991,"Michigan",32117,4596908,9.4,3.8
"722",1992,"Michigan",32267,4671377,9.4,4.25
"723",1993,"Michigan",32662,4723170,7.3,4.25
"724",1994,"Michigan",35284,4802150,6,4.25
"725",1995,"Michigan",36426,4830790,5.6,4.25
"726",1996,"Michigan",39225,4893169,5,4.25
"727",1997,"Michigan",38742,4961910,4.2,4.75
"728",1998,"Michigan",41821,5019951,3.8,5.15
"729",1999,"Michigan",46089,5102445,3.7,5.15
"730",2000,"Michigan",45512,5156695,3.7,5.15
"731",2001,"Michigan",45047,5138844,4.9,5.15
"732",2002,"Michigan",42715,5034722,6.2,5.15
"733",2003,"Michigan",45022,5036119,7.4,5.15
"734",2004,"Michigan",42256,5056148,6.9,5.15
"735",2005,"Michigan",45933,5069602,6.7,5.15
"736",2006,"Michigan",48647,5056734,7.1,5.15
"737",2007,"Michigan",49370,4994841,7,6.95
"738",2008,"Michigan",49788,4915781,7.9,7.15
"739",2009,"Michigan",45994,4860036,14,7.4
"740",2010,"Michigan",46276,4754799,12.4,7.4
"741",2011,"Michigan",48879,4668979,10.2,7.4
"742",2012,"Michigan",50015,4685462,9.1,7.4
"743",2013,"Michigan",56567,4736919,8.8,7.4
"744",2014,"Michigan",52005,4759720,7.4,8.15
"745",2015,"Michigan",54203,4760207,5.5,8.15
"746",2016,"Michigan",57091,4848638,5,8.5
"747",2017,"Michigan",56405,4887347,4.4,8.9
"748",2018,"Michigan",60449,4917708,4,9.25
"749",1985,"Minnesota",23856,2235179,6,3.35
"750",1986,"Minnesota",26443,2253043,5.6,3.35
"751",1987,"Minnesota",28082,2286883,5.2,3.35
"752",1988,"Minnesota",29087,2312775,4.3,3.55
"753",1989,"Minnesota",30185,2340609,4.3,3.55
"754",1990,"Minnesota",31465,2397175,4.6,3.55
"755",1991,"Minnesota",29479,2429956,5.2,4.25
"756",1992,"Minnesota",30981,2464739,5.1,4.25
"757",1993,"Minnesota",33682,2514127,4.9,4.25
"758",1994,"Minnesota",33644,2580734,3.9,4.25
"759",1995,"Minnesota",37933,2626976,3.7,4.25
"760",1996,"Minnesota",40991,2664152,3.9,4.25
"761",1997,"Minnesota",42564,2686557,3.3,4.75
"762",1998,"Minnesota",47926,2716371,2.6,5.15
"763",1999,"Minnesota",47038,2746980,2.8,5.15
"764",2000,"Minnesota",54251,2799111,3,5.15
"765",2001,"Minnesota",52681,2847955,3.7,5.15
"766",2002,"Minnesota",54622,2873004,4.5,5.15
"767",2003,"Minnesota",52823,2893369,4.9,5.15
"768",2004,"Minnesota",56104,2893478,4.6,5.15
"769",2005,"Minnesota",54215,2880908,4,5.15
"770",2006,"Minnesota",56211,2889613,3.9,5.25
"771",2007,"Minnesota",58058,2898861,4.6,5.25
"772",2008,"Minnesota",54925,2914133,5.3,5.85
"773",2009,"Minnesota",56090,2932056,8.2,6.55
"774",2010,"Minnesota",52321,2940696,7.3,7.25
"775",2011,"Minnesota",57820,2952527,6.7,7.25
"776",2012,"Minnesota",61795,2949770,5.7,7.25
"777",2013,"Minnesota",64324,2961729,5.1,7.25
"778",2014,"Minnesota",67244,2979798,4.3,7.25
"779",2015,"Minnesota",68730,3005414,3.8,7.25
"780",2016,"Minnesota",70218,3023110,3.8,7.25
"781",2017,"Minnesota",69975,3050765,3.4,7.75
"782",2018,"Minnesota",71817,3059403,2.9,8.04
"783",1985,"Mississippi",16413,1122529,10.4,3.35
"784",1986,"Mississippi",16513,1150627,11.7,3.35
"785",1987,"Mississippi",18513,1151209,10,3.35
"786",1988,"Mississippi",18166,1144961,8.4,3.35
"787",1989,"Mississippi",19917,1163521,7.9,3.35
"788",1990,"Mississippi",20178,1178449,7.3,3.35
"789",1991,"Mississippi",19475,1183892,8.6,3.8
"790",1992,"Mississippi",20570,1192623,8.2,4.25
"791",1993,"Mississippi",22191,1212765,6.7,4.25
"792",1994,"Mississippi",25400,1243756,6.3,4.25
"793",1995,"Mississippi",26538,1254599,6.3,4.25
"794",1996,"Mississippi",26677,1263385,6,4.25
"795",1997,"Mississippi",28499,1272835,5.7,4.75
"796",1998,"Mississippi",29120,1276022,5.3,5.15
"797",1999,"Mississippi",32478,1283790,5.1,5.15
"798",2000,"Mississippi",34299,1309882,5.5,5.15
"799",2001,"Mississippi",30161,1294733,5.2,5.15
"800",2002,"Mississippi",30882,1290793,6.4,5.15
"801",2003,"Mississippi",32728,1304578,6.3,5.15
"802",2004,"Mississippi",34755,1314982,6.1,5.15
"803",2005,"Mississippi",32875,1317407,7.1,5.15
"804",2006,"Mississippi",34733,1280618,6.3,5.15
"805",2007,"Mississippi",37279,1293338,6.1,5.15
"806",2008,"Mississippi",36446,1293375,6.6,5.85
"807",2009,"Mississippi",35078,1268505,9.3,6.55
"808",2010,"Mississippi",38160,1309128,9.9,7.25
"809",2011,"Mississippi",41090,1345990,9.9,7.25
"810",2012,"Mississippi",36641,1330450,8.9,7.25
"811",2013,"Mississippi",32338,1273057,8.5,7.25
"812",2014,"Mississippi",35521,1243934,7.7,7.25
"813",2015,"Mississippi",40037,1260015,6.4,7.25
"814",2016,"Mississippi",41099,1271836,5.9,7.25
"815",2017,"Mississippi",43281,1273981,5.3,7.25
"816",2018,"Mississippi",42781,1270141,4.8,7.25
"817",1985,"Missouri",21939,2438500,6.7,3.35
"818",1986,"Missouri",21925,2505407,6.5,3.35
"819",1987,"Missouri",23720,2555877,6.4,3.35
"820",1988,"Missouri",23443,2590805,5.8,3.35
"821",1989,"Missouri",26497,2627403,5.5,3.35
"822",1990,"Missouri",27332,2607053,5.6,3.35
"823",1991,"Missouri",27926,2633463,6.7,3.8
"824",1992,"Missouri",27361,2642439,6.2,4.25
"825",1993,"Missouri",28682,2686624,6.3,4.25
"826",1994,"Missouri",30190,2740827,5,4.25
"827",1995,"Missouri",34825,2839875,4.9,4.25
"828",1996,"Missouri",34265,2893926,4.7,4.25
"829",1997,"Missouri",36553,2930806,4.2,4.75
"830",1998,"Missouri",40201,2946188,4.2,5.15
"831",1999,"Missouri",41383,2946949,3.4,5.15
"832",2000,"Missouri",45097,2971441,3.3,5.15
"833",2001,"Missouri",41339,2987905,4.3,5.15
"834",2002,"Missouri",42776,2981097,5.3,5.15
"835",2003,"Missouri",43762,2983337,5.8,5.15
"836",2004,"Missouri",42137,2995924,5.9,5.15
"837",2005,"Missouri",42986,3011096,5.4,5.15
"838",2006,"Missouri",44579,3036656,4.9,5.15
"839",2007,"Missouri",46005,3058119,5,6.5
"840",2008,"Missouri",46038,3065251,6,6.65
"841",2009,"Missouri",48769,3061704,9.1,7.05
"842",2010,"Missouri",45817,3043249,9.4,7.25
"843",2011,"Missouri",45774,3032960,8.8,7.25
"844",2012,"Missouri",49764,3004347,7.2,7.25
"845",2013,"Missouri",46303,3011198,6.8,7.35
"846",2014,"Missouri",56630,3035599,6.2,7.5
"847",2015,"Missouri",59196,3057859,5.2,7.65
"848",2016,"Missouri",55016,3072904,4.7,7.65
"849",2017,"Missouri",56530,3057460,3.7,7.7
"850",2018,"Missouri",61726,3051194,3.2,7.85
"851",1985,"Montana",21939,404295,7.6,3.35
"852",1986,"Montana",21925,404265,8,3.35
"853",1987,"Montana",23720,401673,7.4,3.35
"854",1988,"Montana",23443,404099,6.8,3.35
"855",1989,"Montana",26497,407558,6,3.35
"856",1990,"Montana",27332,403218,5.9,3.35
"857",1991,"Montana",27926,402936,6.9,3.8
"858",1992,"Montana",27361,418949,6.8,4.25
"859",1993,"Montana",28682,425395,6.2,4.25
"860",1994,"Montana",30190,436413,5.4,4.25
"861",1995,"Montana",34825,442644,5.8,4.25
"862",1996,"Montana",34265,448281,5.5,4.25
"863",1997,"Montana",36553,452792,5.5,4.75
"864",1998,"Montana",40201,462541,5.6,5.15
"865",1999,"Montana",41383,466936,5.4,5.15
"866",2000,"Montana",45097,470103,4.9,5.15
"867",2001,"Montana",41339,465270,4.5,5.15
"868",2002,"Montana",42776,466339,4.5,5.15
"869",2003,"Montana",43762,470433,4.8,5.15
"870",2004,"Montana",42137,478149,4.5,5.15
"871",2005,"Montana",42986,485496,4.1,5.15
"872",2006,"Montana",44579,495219,3.4,5.15
"873",2007,"Montana",46005,505112,3.3,5.15
"874",2008,"Montana",46038,512174,4.5,5.85
"875",2009,"Montana",48769,502813,7.2,6.55
"876",2010,"Montana",45817,500857,7.1,7.25
"877",2011,"Montana",45774,501027,6.7,7.25
"878",2012,"Montana",49764,506625,5.9,7.25
"879",2013,"Montana",46303,511164,5.4,7.25
"880",2014,"Montana",56630,512845,4.7,7.9
"881",2015,"Montana",59196,517782,4.3,8.05
"882",2016,"Montana",55016,521801,4.3,8.05
"883",2017,"Montana",56530,525393,4.1,8.15
"884",2018,"Montana",61726,529725,3.7,8.3
"885",1985,"Nebraska",21799,804954,5.1,3.35
"886",1986,"Nebraska",21772,813639,4.8,3.35
"887",1987,"Nebraska",23268,812799,4.3,3.35
"888",1988,"Nebraska",25159,816404,3.5,3.35
"889",1989,"Nebraska",26319,815765,2.9,3.35
"890",1990,"Nebraska",27482,824443,2.3,3.35
"891",1991,"Nebraska",29549,838757,2.7,3.8
"892",1992,"Nebraska",30048,848438,2.9,4.25
"893",1993,"Nebraska",31008,863879,2.8,4.25
"894",1994,"Nebraska",31794,885123,2.6,4.25
"895",1995,"Nebraska",32929,901405,2.7,4.25
"896",1996,"Nebraska",34014,914511,2.7,4.25
"897",1997,"Nebraska",34692,919274,2.4,4.75
"898",1998,"Nebraska",36413,926390,2.5,5.15
"899",1999,"Nebraska",38626,930022,2.8,5.15
"900",2000,"Nebraska",41750,938849,2.8,5.15
"901",2001,"Nebraska",43611,945374,3,5.15
"902",2002,"Nebraska",42796,952937,3.7,5.15
"903",2003,"Nebraska",43974,967038,4,5.15
"904",2004,"Nebraska",43786,973636,3.9,5.15
"905",2005,"Nebraska",47923,972759,3.8,5.15
"906",2006,"Nebraska",48145,971430,3,5.15
"907",2007,"Nebraska",49174,979043,2.9,5.15
"908",2008,"Nebraska",50728,987537,3.2,5.85
"909",2009,"Nebraska",49595,987855,4.7,6.55
"910",2010,"Nebraska",52504,992010,4.6,7.25
"911",2011,"Nebraska",55616,1003635,4.4,7.25
"912",2012,"Nebraska",52196,1012807,3.9,7.25
"913",2013,"Nebraska",57623,1014830,3.7,7.25
"914",2014,"Nebraska",56870,1012727,3.3,7.25
"915",2015,"Nebraska",60474,1011666,3,8
"916",2016,"Nebraska",59374,1016062,3.1,9
"917",2017,"Nebraska",59583,1016584,2.9,9
"918",2018,"Nebraska",67575,1027012,2.8,9
"919",1985,"Nevada",23274,516723,7.6,3.35
"920",1986,"Nevada",26217,532673,6.3,3.35
"921",1987,"Nevada",26878,556425,6.3,3.35
"922",1988,"Nevada",27983,580041,5.3,3.35
"923",1989,"Nevada",29340,603057,4.6,3.35
"924",1990,"Nevada",32023,666660,4.5,3.35
"925",1991,"Nevada",32937,700244,5.8,3.8
"926",1992,"Nevada",31908,728804,6.8,4.25
"927",1993,"Nevada",35814,767479,7.1,4.25
"928",1994,"Nevada",35871,811686,6.2,4.25
"929",1995,"Nevada",36084,848459,5.6,4.25
"930",1996,"Nevada",38540,894549,5.1,4.25
"931",1997,"Nevada",38854,946126,4.3,4.75
"932",1998,"Nevada",39756,978179,4.2,5.15
"933",1999,"Nevada",41461,1023749,4.1,5.15
"934",2000,"Nevada",45758,1070842,4,5.15
"935",2001,"Nevada",45403,1113234,5,5.15
"936",2002,"Nevada",44958,1134187,5.7,5.15
"937",2003,"Nevada",45184,1150288,5.4,5.15
"938",2004,"Nevada",47204,1178490,4.4,5.15
"939",2005,"Nevada",48209,1228415,4.1,5.15
"940",2006,"Nevada",52282,1291540,4.1,5.15
"941",2007,"Nevada",54058,1344378,4.5,6.15
"942",2008,"Nevada",54744,1373089,6.5,6.33
"943",2009,"Nevada",51434,1367831,11.7,6.55
"944",2010,"Nevada",51200,1358413,13.7,7.25
"945",2011,"Nevada",47043,1360624,13.5,7.25
"946",2012,"Nevada",47333,1366620,11.8,7.25
"947",2013,"Nevada",51846,1370940,10.1,7.25
"948",2014,"Nevada",49875,1380092,8.2,7.25
"949",2015,"Nevada",52008,1396826,6.9,7.25
"950",2016,"Nevada",55431,1414406,5.8,7.25
"951",2017,"Nevada",58041,1453013,5,7.25
"952",2018,"Nevada",61864,1505648,4.3,7.25
"953",1985,"New Hampshire",26403,539175,3.8,3.35
"954",1986,"New Hampshire",30548,559614,2.8,3.35
"955",1987,"New Hampshire",32338,580488,2.1,3.35
"956",1988,"New Hampshire",34625,593601,2.4,3.55
"957",1989,"New Hampshire",37532,607345,3.3,3.55
"958",1990,"New Hampshire",40805,622736,5.2,3.55
"959",1991,"New Hampshire",36032,619860,6.9,3.85
"960",1992,"New Hampshire",39436,618087,7.3,4.25
"961",1993,"New Hampshire",37964,620533,6.1,4.25
"962",1994,"New Hampshire",35245,625801,4.5,4.25
"963",1995,"New Hampshire",39171,632445,3.9,4.25
"964",1996,"New Hampshire",39407,636306,3.8,4.25
"965",1997,"New Hampshire",40998,652767,3.4,4.75
"966",1998,"New Hampshire",44958,661926,2.7,5.15
"967",1999,"New Hampshire",46055,675588,2.7,5.15
"968",2000,"New Hampshire",50926,685929,2.7,5.15
"969",2001,"New Hampshire",51331,691843,3.3,5.15
"970",2002,"New Hampshire",55321,700545,4.5,5.15
"971",2003,"New Hampshire",55567,708855,4.5,5.15
"972",2004,"New Hampshire",56815,715439,3.8,5.15
"973",2005,"New Hampshire",56984,726007,3.6,5.15
"974",2006,"New Hampshire",61970,732449,3.5,5.15
"975",2007,"New Hampshire",67576,738037,3.5,5.15
"976",2008,"New Hampshire",66176,742982,3.6,6.5
"977",2009,"New Hampshire",64131,739833,6.3,7.25
"978",2010,"New Hampshire",66633,739305,6,7.25
"979",2011,"New Hampshire",65880,736690,5.5,7.25
"980",2012,"New Hampshire",67819,740956,5.5,7.25
"981",2013,"New Hampshire",69099,743243,5.2,7.25
"982",2014,"New Hampshire",73397,743873,4.3,7.25
"983",2015,"New Hampshire",75675,746323,3.4,7.25
"984",2016,"New Hampshire",76260,752466,2.9,7.25
"985",2017,"New Hampshire",75630,755046,2.8,7.25
"986",2018,"New Hampshire",81346,764470,2.6,7.25
"987",1985,"New Jersey",30980,3832148,5.6,3.35
"988",1986,"New Jersey",31715,3898561,5.2,3.35
"989",1987,"New Jersey",34241,3953962,4.1,3.35
"990",1988,"New Jersey",36287,3971901,3.7,3.35
"991",1989,"New Jersey",39120,3995608,4,3.35
"992",1990,"New Jersey",38734,4059067,4.8,3.35
"993",1991,"New Jersey",40049,4064717,6.7,3.8
"994",1992,"New Jersey",39000,4057733,8.7,4.25
"995",1993,"New Jersey",40500,4026911,7.8,4.25
"996",1994,"New Jersey",42280,4067281,6.9,5.05
"997",1995,"New Jersey",43924,4115858,6.5,5.05
"998",1996,"New Jersey",47468,4184248,6.1,5.05
"999",1997,"New Jersey",48021,4249256,5.3,5.05
"1000",1998,"New Jersey",49826,4235754,4.5,5.15
"1001",1999,"New Jersey",49734,4283072,4.7,5.15
"1002",2000,"New Jersey",50405,4287646,3.6,5.15
"1003",2001,"New Jersey",51771,4293853,4,5.15
"1004",2002,"New Jersey",54568,4345566,5.8,5.15
"1005",2003,"New Jersey",56045,4343705,6,5.15
"1006",2004,"New Jersey",55275,4347456,5,5.15
"1007",2005,"New Jersey",63368,4387117,4.3,5.15
"1008",2006,"New Jersey",68059,4436419,4.8,6.15
"1009",2007,"New Jersey",60508,4437068,4.1,7.15
"1010",2008,"New Jersey",65306,4495633,5.2,7.15
"1011",2009,"New Jersey",64777,4541223,9,7.15
"1012",2010,"New Jersey",62968,4559402,9.6,7.25
"1013",2011,"New Jersey",62338,4561839,9.4,7.25
"1014",2012,"New Jersey",66692,4577200,9.5,7.25
"1015",2013,"New Jersey",63754,4528301,8.5,7.25
"1016",2014,"New Jersey",65243,4493706,6.7,8.25
"1017",2015,"New Jersey",68357,4494823,5.8,8.38
"1018",2016,"New Jersey",68468,4493227,5,8.38
"1019",2017,"New Jersey",71240,4476068,4.5,8.44
"1020",2018,"New Jersey",74176,4455438,4,8.6
"1021",1985,"New Mexico",20423,650080,8.7,3.35
"1022",1986,"New Mexico",19845,668803,9.3,3.35
"1023",1987,"New Mexico",20758,676268,8.9,3.35
"1024",1988,"New Mexico",19296,683227,7.7,3.35
"1025",1989,"New Mexico",22602,694040,6.7,3.35
"1026",1990,"New Mexico",25039,711133,6.4,3.35
"1027",1991,"New Mexico",26540,723043,7.3,3.8
"1028",1992,"New Mexico",25860,736981,7.3,4.25
"1029",1993,"New Mexico",26758,756795,7.5,4.25
"1030",1994,"New Mexico",26905,778762,6.5,4.25
"1031",1995,"New Mexico",25991,796809,6.5,4.25
"1032",1996,"New Mexico",25086,812910,7.6,4.25
"1033",1997,"New Mexico",30086,820901,6.4,4.75
"1034",1998,"New Mexico",31543,834741,6.3,5.15
"1035",1999,"New Mexico",32574,836561,5.7,5.15
"1036",2000,"New Mexico",35093,846257,5,5.15
"1037",2001,"New Mexico",33124,854947,4.8,5.15
"1038",2002,"New Mexico",35457,866904,5.5,5.15
"1039",2003,"New Mexico",35105,880068,6,5.15
"1040",2004,"New Mexico",39562,890303,5.5,5.15
"1041",2005,"New Mexico",38947,905867,5.2,5.15
"1042",2006,"New Mexico",40028,914512,4.3,5.15
"1043",2007,"New Mexico",44356,920703,3.5,5.15
"1044",2008,"New Mexico",42102,933711,4.1,6.5
"1045",2009,"New Mexico",43542,928570,7.3,7.5
"1046",2010,"New Mexico",45134,928856,7.8,7.5
"1047",2011,"New Mexico",41982,925003,7.1,7.5
"1048",2012,"New Mexico",43424,928736,6.9,7.5
"1049",2013,"New Mexico",40166,929670,6.9,7.5
"1050",2014,"New Mexico",46686,932024,6.6,7.5
"1051",2015,"New Mexico",45119,938333,6.7,7.5
"1052",2016,"New Mexico",48451,944335,6.8,7.5
"1053",2017,"New Mexico",45601,946280,6.1,7.5
"1054",2018,"New Mexico",48283,947656,4.7,7.5
"1055",1985,"New York",23639,8246931,6.6,3.35
"1056",1986,"New York",25025,8428002,6.5,3.35
"1057",1987,"New York",26384,8483934,4.7,3.35
"1058",1988,"New York",28915,8549128,4.1,3.35
"1059",1989,"New York",31496,8681789,4.8,3.35
"1060",1990,"New York",31591,8830304,5.1,3.35
"1061",1991,"New York",31794,8747357,7.4,3.8
"1062",1992,"New York",31051,8751014,8.8,4.25
"1063",1993,"New York",31697,8733960,7.8,4.25
"1064",1994,"New York",31899,8685754,7,4.25
"1065",1995,"New York",33028,8668345,6.4,4.25
"1066",1996,"New York",35410,8793002,6.3,4.25
"1067",1997,"New York",35798,9027059,6.5,4.75
"1068",1998,"New York",37394,9074726,5.5,5.15
"1069",1999,"New York",39989,9116535,5.3,5.15
"1070",2000,"New York",40744,9139913,4.5,5.15
"1071",2001,"New York",42114,9125816,4.6,5.15
"1072",2002,"New York",41966,9295903,6.2,5.15
"1073",2003,"New York",42788,9283230,6.5,5.15
"1074",2004,"New York",44649,9355759,5.9,5.15
"1075",2005,"New York",47176,9457442,4.9,6
"1076",2006,"New York",48222,9520289,4.6,6.75
"1077",2007,"New York",48944,9511592,4.4,7.15
"1078",2008,"New York",50461,9641699,5.2,7.15
"1079",2009,"New York",50216,9666237,8.5,7.15
"1080",2010,"New York",49781,9630597,8.7,7.25
"1081",2011,"New York",50636,9536218,8.3,7.25
"1082",2012,"New York",47680,9603853,8.8,7.25
"1083",2013,"New York",49966,9634653,7.9,7.25
"1084",2014,"New York",54310,9524310,6.3,8
"1085",2015,"New York",58005,9536782,5.3,8.75
"1086",2016,"New York",61437,9528079,4.9,9
"1087",2017,"New York",61543,9549174,4.7,9.7
"1088",2018,"New York",67274,9509711,4,10.4
"1089",1985,"North Carolina",21451,3109858,5.7,3.35
"1090",1986,"North Carolina",21861,3187556,5.5,3.35
"1091",1987,"North Carolina",22760,3272820,4.5,3.35
"1092",1988,"North Carolina",24415,3330503,3.6,3.35
"1093",1989,"North Carolina",26406,3392278,3.6,3.35
"1094",1990,"North Carolina",26329,3477511,3.9,3.35
"1095",1991,"North Carolina",26853,3539215,6,3.8
"1096",1992,"North Carolina",27771,3602584,6.4,4.25
"1097",1993,"North Carolina",28820,3622938,5.2,4.25
"1098",1994,"North Carolina",30114,3679424,4.5,4.25
"1099",1995,"North Carolina",31979,3754213,4.4,4.25
"1100",1996,"North Carolina",35601,3880886,4.4,4.25
"1101",1997,"North Carolina",35840,3962718,3.8,4.75
"1102",1998,"North Carolina",35838,3973794,3.5,5.15
"1103",1999,"North Carolina",37254,4045544,3.3,5.15
"1104",2000,"North Carolina",38317,4129133,3.7,5.15
"1105",2001,"North Carolina",38162,4191413,5.4,5.15
"1106",2002,"North Carolina",36515,4208892,6.9,5.15
"1107",2003,"North Carolina",37279,4284754,6.9,5.15
"1108",2004,"North Carolina",40238,4287821,5.8,5.15
"1109",2005,"North Carolina",42056,4348615,5.6,5.15
"1110",2006,"North Carolina",39797,4460501,5.1,5.15
"1111",2007,"North Carolina",43513,4530066,5,6.15
"1112",2008,"North Carolina",42930,4579720,5.7,6.15
"1113",2009,"North Carolina",41906,4615325,11.3,6.55
"1114",2010,"North Carolina",43830,4632282,10.6,7.25
"1115",2011,"North Carolina",45206,4657681,10.3,7.25
"1116",2012,"North Carolina",41553,4719446,9.5,7.25
"1117",2013,"North Carolina",46337,4701307,7.8,7.25
"1118",2014,"North Carolina",46784,4698855,6.2,7.25
"1119",2015,"North Carolina",50797,4763513,5.8,7.25
"1120",2016,"North Carolina",53764,4845052,5,7.25
"1121",2017,"North Carolina",49547,4928318,4.5,7.25
"1122",2018,"North Carolina",53369,4987679,4,7.25
"1123",1985,"North Dakota",21205,329306,5.5,3.35
"1124",1986,"North Dakota",21508,331550,5.7,3.35
"1125",1987,"North Dakota",22576,330907,4.9,3.35
"1126",1988,"North Dakota",24092,330706,4.6,3.35
"1127",1989,"North Dakota",25229,329422,4.3,3.35
"1128",1990,"North Dakota",25264,316765,4.1,3.35
"1129",1991,"North Dakota",25892,316524,4.5,3.8
"1130",1992,"North Dakota",26959,317182,4.6,4.25
"1131",1993,"North Dakota",28118,321777,4.3,4.25
"1132",1994,"North Dakota",28278,338191,3.6,4.25
"1133",1995,"North Dakota",29089,341415,3.3,4.25
"1134",1996,"North Dakota",31470,347228,3.1,4.25
"1135",1997,"North Dakota",31661,349045,3.1,4.75
"1136",1998,"North Dakota",30304,347156,2.9,5.15
"1137",1999,"North Dakota",32663,342793,3.2,5.15
"1138",2000,"North Dakota",35996,342827,2.9,5.15
"1139",2001,"North Dakota",35793,342458,2.7,5.15
"1140",2002,"North Dakota",36200,342492,3.4,5.15
"1141",2003,"North Dakota",40410,347062,3.5,5.15
"1142",2004,"North Dakota",39220,353598,3.4,5.15
"1143",2005,"North Dakota",42192,356413,3.3,5.15
"1144",2006,"North Dakota",41047,362678,3.1,5.15
"1145",2007,"North Dakota",47205,367631,3,5.15
"1146",2008,"North Dakota",49631,371860,3.1,5.85
"1147",2009,"North Dakota",50075,370413,3.9,6.55
"1148",2010,"North Dakota",51006,379036,3.7,7.25
"1149",2011,"North Dakota",56361,387365,3.4,7.25
"1150",2012,"North Dakota",55766,395525,2.9,7.25
"1151",2013,"North Dakota",59152,401528,2.9,7.25
"1152",2014,"North Dakota",60730,409472,2.6,7.25
"1153",2015,"North Dakota",57415,410835,2.8,7.25
"1154",2016,"North Dakota",60184,411872,3.2,7.25
"1155",2017,"North Dakota",60167,410958,2.6,7.25
"1156",2018,"North Dakota",66505,497466,2.5,7.25
"1157",1985,"Ohio",25174,5141792,9,3.35
"1158",1986,"Ohio",25115,5222226,8.4,3.35
"1159",1987,"Ohio",25773,5264758,7.2,3.35
"1160",1988,"Ohio",27740,5325983,6,3.35
"1161",1989,"Ohio",29021,5407083,5.4,3.35
"1162",1990,"Ohio",30013,5407049,5.6,3.35
"1163",1991,"Ohio",29790,5418918,6.6,3.8
"1164",1992,"Ohio",31404,5496287,7.6,4.25
"1165",1993,"Ohio",31285,5509014,6.6,4.25
"1166",1994,"Ohio",31855,5565277,5.9,4.25
"1167",1995,"Ohio",34941,5602973,4.9,4.25
"1168",1996,"Ohio",34070,5662639,5,4.25
"1169",1997,"Ohio",36134,5718408,4.5,4.75
"1170",1998,"Ohio",38925,5715057,4.3,5.15
"1171",1999,"Ohio",39489,5759170,4.4,5.15
"1172",2000,"Ohio",42962,5782840,4.2,5.15
"1173",2001,"Ohio",41785,5820309,4.1,5.15
"1174",2002,"Ohio",42684,5829596,5.8,5.15
"1175",2003,"Ohio",43520,5861316,6.4,5.15
"1176",2004,"Ohio",43055,5850977,6.2,5.15
"1177",2005,"Ohio",44203,5880798,5.9,5.15
"1178",2006,"Ohio",45900,5957178,5.4,5.15
"1179",2007,"Ohio",49099,6017264,5.6,6.85
"1180",2008,"Ohio",46934,6003679,6.4,7
"1181",2009,"Ohio",45879,5906430,10.2,7.3
"1182",2010,"Ohio",45886,5870336,10.2,7.3
"1183",2011,"Ohio",44648,5774213,9,7.4
"1184",2012,"Ohio",44375,5712908,7.3,7.7
"1185",2013,"Ohio",50748,5707087,6.6,7.85
"1186",2014,"Ohio",49644,5712911,5.8,7.25
"1187",2015,"Ohio",53301,5712032,4.9,7.25
"1188",2016,"Ohio",53985,5755684,5,7.25
"1189",2017,"Ohio",60688,5795194,5,8.15
"1190",2018,"Ohio",61633,5791619,4.5,8.3
"1191",1985,"Oklahoma",21205,1557114,7,3.35
"1192",1986,"Oklahoma",20948,1580973,8.7,3.35
"1193",1987,"Oklahoma",21691,1551717,7.1,3.35
"1194",1988,"Oklahoma",23667,1525023,6.3,3.35
"1195",1989,"Oklahoma",23667,1524857,5.8,3.35
"1196",1990,"Oklahoma",24384,1519861,5,3.35
"1197",1991,"Oklahoma",25462,1512829,6,3.8
"1198",1992,"Oklahoma",25284,1526013,6,4.25
"1199",1993,"Oklahoma",26260,1535024,5.8,4.25
"1200",1994,"Oklahoma",26991,1551959,5.4,4.25
"1201",1995,"Oklahoma",26311,1560690,4.5,4.25
"1202",1996,"Oklahoma",27437,1586200,3.9,4.25
"1203",1997,"Oklahoma",31351,1608558,4,4.75
"1204",1998,"Oklahoma",33727,1635194,4.2,5.15
"1205",1999,"Oklahoma",32683,1655474,3.4,5.15
"1206",2000,"Oklahoma",32432,1656000,3,5.15
"1207",2001,"Oklahoma",35609,1672118,3.4,5.15
"1208",2002,"Oklahoma",36458,1685811,4.5,5.15
"1209",2003,"Oklahoma",35902,1686353,5.7,5.15
"1210",2004,"Oklahoma",39614,1689956,4.7,5.15
"1211",2005,"Oklahoma",37645,1709121,4.3,5.15
"1212",2006,"Oklahoma",38838,1714593,3.9,5.15
"1213",2007,"Oklahoma",43216,1723459,4,5.15
"1214",2008,"Oklahoma",46111,1741055,3.4,5.85
"1215",2009,"Oklahoma",45878,1770111,6.9,6.55
"1216",2010,"Oklahoma",43103,1764991,6.4,7.25
"1217",2011,"Oklahoma",48455,1767019,5.5,7.25
"1218",2012,"Oklahoma",48407,1795153,5.1,7.25
"1219",2013,"Oklahoma",46162,1800031,5.1,7.25
"1220",2014,"Oklahoma",47199,1798113,4.2,7.25
"1221",2015,"Oklahoma",47077,1828996,4.4,7.25
"1222",2016,"Oklahoma",50943,1827953,4.8,7.25
"1223",2017,"Oklahoma",51882,1831638,4,7.25
"1224",2018,"Oklahoma",54434,1838239,3.2,7.25
"1225",1985,"Oregon",21894,1327079,8.7,3.35
"1226",1986,"Oregon",24773,1363559,8.3,3.35
"1227",1987,"Oregon",25038,1394016,6,3.35
"1228",1988,"Oregon",27748,1431319,5.8,3.35
"1229",1989,"Oregon",28529,1469468,5.4,3.35
"1230",1990,"Oregon",29281,1494905,5.3,3.35
"1231",1991,"Oregon",30190,1516779,6,4.75
"1232",1992,"Oregon",31927,1557808,7.2,4.75
"1233",1993,"Oregon",33138,1602024,7.2,4.75
"1234",1994,"Oregon",31456,1642098,5.3,4.75
"1235",1995,"Oregon",36374,1883422,4.8,4.75
"1236",1996,"Oregon",35492,1712893,5.5,4.75
"1237",1997,"Oregon",37247,1745716,5.5,5.5
"1238",1998,"Oregon",39067,1777922,5.7,6
"1239",1999,"Oregon",40619,1787478,5.6,6
"1240",2000,"Oregon",42499,1812392,5.3,6.5
"1241",2001,"Oregon",41273,1815258,6.1,6.5
"1242",2002,"Oregon",41802,1834441,7.3,6.5
"1243",2003,"Oregon",41638,1845613,8.4,6.9
"1244",2004,"Oregon",40994,1845138,7.4,7.05
"1245",2005,"Oregon",44159,1848993,6.2,7.25
"1246",2006,"Oregon",47091,1881739,5.4,7.5
"1247",2007,"Oregon",50236,1911018,5.1,7.8
"1248",2008,"Oregon",51727,1947108,5.7,7.95
"1249",2009,"Oregon",49098,1968779,11.2,8.4
"1250",2010,"Oregon",50602,1991085,10.7,8.4
"1251",2011,"Oregon",51526,1995729,9.7,8.5
"1252",2012,"Oregon",51775,1964764,8.9,8.8
"1253",2013,"Oregon",48999,1925209,7.8,8.95
"1254",2014,"Oregon",58875,1949607,6.7,9.1
"1255",2015,"Oregon",60834,1979732,5.5,9.25
"1256",2016,"Oregon",59135,2042641,4.9,9.75
"1257",2017,"Oregon",62498,2081388,4,9.75
"1258",2018,"Oregon",69165,2087672,3.9,10.75
"1259",1985,"Pennsylvania",22877,5548039,8.1,3.35
"1260",1986,"Pennsylvania",23807,5623241,7.1,3.35
"1261",1987,"Pennsylvania",25424,5663240,5.7,3.35
"1262",1988,"Pennsylvania",26742,5761303,5.1,3.35
"1263",1989,"Pennsylvania",28690,5834411,4.8,3.35
"1264",1990,"Pennsylvania",29005,5813005,5.3,3.35
"1265",1991,"Pennsylvania",30367,5844175,6.9,3.8
"1266",1992,"Pennsylvania",29882,5895352,7.5,4.25
"1267",1993,"Pennsylvania",30995,5897937,7,4.25
"1268",1994,"Pennsylvania",32066,5891901,6.4,4.25
"1269",1995,"Pennsylvania",34524,5900946,6,4.25
"1270",1996,"Pennsylvania",34899,5985631,5.4,4.25
"1271",1997,"Pennsylvania",37517,6061116,5.2,4.75
"1272",1998,"Pennsylvania",39015,6066043,4.6,5.15
"1273",1999,"Pennsylvania",37758,6094374,4.5,5.15
"1274",2000,"Pennsylvania",42176,6106998,4.2,5.15
"1275",2001,"Pennsylvania",43499,6177827,4.7,5.15
"1276",2002,"Pennsylvania",42498,6213768,5.5,5.15
"1277",2003,"Pennsylvania",42933,6157694,5.8,5.15
"1278",2004,"Pennsylvania",44106,6211706,5.4,5.15
"1279",2005,"Pennsylvania",46300,6256787,4.9,5.15
"1280",2006,"Pennsylvania",48477,6298176,4.8,5.15
"1281",2007,"Pennsylvania",48437,6347445,4.5,6.25
"1282",2008,"Pennsylvania",51402,6440679,5.1,7.15
"1283",2009,"Pennsylvania",48172,6402933,8.2,7.15
"1284",2010,"Pennsylvania",48314,6358834,8.1,7.25
"1285",2011,"Pennsylvania",49910,6380658,7.8,7.25
"1286",2012,"Pennsylvania",51904,6449657,7.7,7.25
"1287",2013,"Pennsylvania",55156,6421174,7.1,7.25
"1288",2014,"Pennsylvania",55173,6388980,6,7.25
"1289",2015,"Pennsylvania",60389,6423542,5.4,7.25
"1290",2016,"Pennsylvania",60979,6459696,5.4,7.25
"1291",2017,"Pennsylvania",61285,6420767,4.9,7.25
"1292",2018,"Pennsylvania",64524,6432204,4.4,7.25
"1293",1985,"Rhode Island",24625,4985634,4.8,3.35
"1294",1986,"Rhode Island",26540,505875,4.1,3.35
"1295",1987,"Rhode Island",28292,514212,3.8,3.35
"1296",1988,"Rhode Island",29842,516750,2.8,3.65
"1297",1989,"Rhode Island",30124,518905,3.6,3.65
"1298",1990,"Rhode Island",31968,523457,6.2,3.65
"1299",1991,"Rhode Island",30836,525340,8.5,4.25
"1300",1992,"Rhode Island",30432,530184,9.2,4.45
"1301",1993,"Rhode Island",33509,524322,7.5,4.45
"1302",1994,"Rhode Island",31928,514709,6.6,4.45
"1303",1995,"Rhode Island",35359,511702,6.6,4.45
"1304",1996,"Rhode Island",36986,518494,5,4.45
"1305",1997,"Rhode Island",34797,531522,5.4,5.15
"1306",1998,"Rhode Island",40686,532199,4.5,5.15
"1307",1999,"Rhode Island",42719,539991,4.2,5.15
"1308",2000,"Rhode Island",42197,542661,4,5.65
"1309",2001,"Rhode Island",45723,541657,4.5,6.15
"1310",2002,"Rhode Island",42417,550395,4.9,6.15
"1311",2003,"Rhode Island",44711,560631,5.6,6.15
"1312",2004,"Rhode Island",47935,555610,5.4,6.75
"1313",2005,"Rhode Island",49484,563342,5,6.75
"1314",2006,"Rhode Island",53736,571605,5.3,6.75
"1315",2007,"Rhode Island",54210,571058,4.9,7.4
"1316",2008,"Rhode Island",53241,568367,7.3,7.4
"1317",2009,"Rhode Island",51634,571261,11.6,7.4
"1318",2010,"Rhode Island",51623,571356,11.6,7.4
"1319",2011,"Rhode Island",49033,561982,11,7.4
"1320",2012,"Rhode Island",56065,560314,10.4,7.4
"1321",2013,"Rhode Island",56323,558853,9.6,7.75
"1322",2014,"Rhode Island",58633,556751,7.8,8
"1323",2015,"Rhode Island",55701,555147,6,9
"1324",2016,"Rhode Island",61528,553421,5.3,9.6
"1325",2017,"Rhode Island",65401,555791,4.4,9.6
"1326",2018,"Rhode Island",62266,558216,4,10.1
"1327",1985,"South Carolina",20036,1548854,7,3.35
"1328",1986,"South Carolina",21968,1592257,6.4,3.35
"1329",1987,"South Carolina",25049,1631575,5.4,3.35
"1330",1988,"South Carolina",25533,1660897,4.7,3.35
"1331",1989,"South Carolina",23798,1693311,4.6,3.35
"1332",1990,"South Carolina",28735,1737923,4.8,3.35
"1333",1991,"South Carolina",27463,1767197,6,3.8
"1334",1992,"South Carolina",27578,1799854,6.7,4.25
"1335",1993,"South Carolina",26053,1826920,7.6,4.25
"1336",1994,"South Carolina",29846,1841009,6.2,4.25
"1337",1995,"South Carolina",29071,1863859,5,4.25
"1338",1996,"South Carolina",34665,1886509,5.8,4.25
"1339",1997,"South Carolina",34262,1920584,4.6,4.75
"1340",1998,"South Carolina",33267,1941152,4.6,5.15
"1341",1999,"South Carolina",36462,1958587,4.1,5.15
"1342",2000,"South Carolina",37570,1965860,3.7,5.15
"1343",2001,"South Carolina",37736,1941372,5.2,5.15
"1344",2002,"South Carolina",37812,1954964,6.3,5.15
"1345",2003,"South Carolina",38479,1999162,7.3,5.15
"1346",2004,"South Carolina",38691,2043292,7.5,5.15
"1347",2005,"South Carolina",40230,2070940,7.2,5.15
"1348",2006,"South Carolina",39617,2148866,7,5.15
"1349",2007,"South Carolina",44213,2155184,6,5.15
"1350",2008,"South Carolina",42155,2160368,6.9,5.85
"1351",2009,"South Carolina",41101,2167345,11.5,6.55
"1352",2010,"South Carolina",41698,2173901,11.2,7.25
"1353",2011,"South Carolina",40084,2185412,10.7,7.25
"1354",2012,"South Carolina",44401,2190562,9.2,7.25
"1355",2013,"South Carolina",43563,2198242,7.5,7.25
"1356",2014,"South Carolina",44929,2222607,6.2,7.25
"1357",2015,"South Carolina",46360,2268262,6,7.25
"1358",2016,"South Carolina",54336,2286257,5,7.25
"1359",2017,"South Carolina",54537,2297098,4.1,7.25
"1360",2018,"South Carolina",57444,2320516,3.3,7.25
"1361",1985,"South Dakota",18142,346068,4.9,3.35
"1362",1986,"South Dakota",19898,350082,4.7,3.35
"1363",1987,"South Dakota",21151,352715,4.3,3.35
"1364",1988,"South Dakota",22294,357016,4,3.35
"1365",1989,"South Dakota",24108,360911,3.9,3.35
"1366",1990,"South Dakota",24571,349285,3.6,3.35
"1367",1991,"South Dakota",24639,354237,3.6,3.8
"1368",1992,"South Dakota",26259,360919,3.5,4.25
"1369",1993,"South Dakota",27737,367202,3.5,4.25
"1370",1994,"South Dakota",29733,376541,3.3,4.25
"1371",1995,"South Dakota",29578,385627,3.2,4.25
"1372",1996,"South Dakota",29526,390461,3.3,4.25
"1373",1997,"South Dakota",29694,393946,2.9,4.75
"1374",1998,"South Dakota",32786,398060,2.8,5.15
"1375",1999,"South Dakota",35828,403472,2.8,5.15
"1376",2000,"South Dakota",36475,408507,2.5,5.15
"1377",2001,"South Dakota",39671,413393,2.9,5.15
"1378",2002,"South Dakota",37873,416897,3.2,5.15
"1379",2003,"South Dakota",39522,421433,3.5,5.15
"1380",2004,"South Dakota",41107,425939,3.6,5.15
"1381",2005,"South Dakota",43151,429250,3.6,5.15
"1382",2006,"South Dakota",45427,432784,3,5.15
"1383",2007,"South Dakota",46418,366374,2.8,5.15
"1384",2008,"South Dakota",51600,439213,2.9,5.85
"1385",2009,"South Dakota",45826,441458,4.7,6.55
"1386",2010,"South Dakota",45352,443635,4.9,7.25
"1387",2011,"South Dakota",47223,445800,4.6,7.25
"1388",2012,"South Dakota",49415,447124,4.1,7.25
"1389",2013,"South Dakota",53413,447596,3.7,7.25
"1390",2014,"South Dakota",53053,450720,3.3,7.25
"1391",2015,"South Dakota",55065,453124,3.1,8.5
"1392",2016,"South Dakota",57450,455103,3,8.55
"1393",2017,"South Dakota",56914,456796,3.1,8.65
"1394",2018,"South Dakota",59463,458909,2.8,8.85
"1395",1985,"Tennessee",17778,2252721,8,3.35
"1396",1986,"Tennessee",18256,2293188,8,3.35
"1397",1987,"Tennessee",21179,2330070,6.8,3.35
"1398",1988,"Tennessee",20856,2334524,5.8,3.35
"1399",1989,"Tennessee",22611,2363359,5,3.35
"1400",1990,"Tennessee",22592,2397807,5.2,3.35
"1401",1991,"Tennessee",24453,2419414,6.6,3.8
"1402",1992,"Tennessee",24318,2468144,6.4,4.25
"1403",1993,"Tennessee",25102,2535429,6,4.25
"1404",1994,"Tennessee",28639,2656783,4.8,4.25
"1405",1995,"Tennessee",29015,2723814,5.4,4.25
"1406",1996,"Tennessee",30790,2762709,5,4.25
"1407",1997,"Tennessee",30636,2780898,5.4,4.75
"1408",1998,"Tennessee",34091,2810728,4.3,5.15
"1409",1999,"Tennessee",36522,2844169,3.9,5.15
"1410",2000,"Tennessee",34096,2849349,3.9,5.15
"1411",2001,"Tennessee",35783,2857508,4.3,5.15
"1412",2002,"Tennessee",37030,2898824,5.1,5.15
"1413",2003,"Tennessee",37523,2904921,5.7,5.15
"1414",2004,"Tennessee",38072,2895817,5.2,5.15
"1415",2005,"Tennessee",39406,2899068,5.4,5.15
"1416",2006,"Tennessee",40693,3014542,5.5,5.15
"1417",2007,"Tennessee",41195,3043346,4.3,5.15
"1418",2008,"Tennessee",39702,3061115,6.4,5.85
"1419",2009,"Tennessee",40517,3033549,10.4,6.55
"1420",2010,"Tennessee",38591,3093426,9.6,7.25
"1421",2011,"Tennessee",42279,3116957,9.2,7.25
"1422",2012,"Tennessee",42995,3096360,8,7.25
"1423",2013,"Tennessee",43361,3079368,7.9,7.25
"1424",2014,"Tennessee",43716,3043608,6.7,7.25
"1425",2015,"Tennessee",47330,3074360,5.7,7.25
"1426",2016,"Tennessee",51344,3136742,4.7,7.25
"1427",2017,"Tennessee",55306,3167010,3.5,7.25
"1428",2018,"Tennessee",56060,3251398,3.5,7.25
"1429",1985,"Texas",23743,8081938,7.1,3.35
"1430",1986,"Texas",24162,8174323,8.9,3.35
"1431",1987,"Texas",24721,8275364,8.5,3.35
"1432",1988,"Texas",24963,8351637,7.4,3.35
"1433",1989,"Texas",25886,8452252,6.8,3.35
"1434",1990,"Texas",28228,8607913,6.3,3.35
"1435",1991,"Texas",27733,8770370,6.9,3.8
"1436",1992,"Texas",27953,8999534,7.8,4.25
"1437",1993,"Texas",28727,9167771,7.2,4.25
"1438",1994,"Texas",30755,9395665,6.7,4.25
"1439",1995,"Texas",32039,9676081,6.2,4.25
"1440",1996,"Texas",33072,9728404,5.7,4.25
"1441",1997,"Texas",35075,9916036,5.5,4.75
"1442",1998,"Texas",35783,10116789,5,5.15
"1443",1999,"Texas",38688,10268397,4.7,5.15
"1444",2000,"Texas",38609,10388754,4.4,5.15
"1445",2001,"Texas",40860,10536998,4.8,5.15
"1446",2002,"Texas",40149,10743347,6.4,5.15
"1447",2003,"Texas",39271,10909403,6.9,5.15
"1448",2004,"Texas",41397,10995044,6,5.15
"1449",2005,"Texas",41422,11172304,5.3,5.15
"1450",2006,"Texas",43307,11335465,5.2,5.15
"1451",2007,"Texas",46053,11441627,4.3,5.15
"1452",2008,"Texas",46490,11678849,4.7,5.85
"1453",2009,"Texas",47475,11948191,8,6.55
"1454",2010,"Texas",47266,12258425,8.1,7.25
"1455",2011,"Texas",49047,12500076,8.3,7.25
"1456",2012,"Texas",51926,12641404,6.8,7.25
"1457",2013,"Texas",51406,12833158,6.4,7.25
"1458",2014,"Texas",53875,13006808,5.2,7.25
"1459",2015,"Texas",56473,13091904,4.4,7.25
"1460",2016,"Texas",58146,13348141,4.7,7.25
"1461",2017,"Texas",60092,13572514,4.3,7.25
"1462",2018,"Texas",59785,13811799,3.9,7.25
"1463",1985,"Utah",25238,733309,6.1,3.35
"1464",1986,"Utah",26281,751974,6.1,3.35
"1465",1987,"Utah",26529,755883,6.4,3.35
"1466",1988,"Utah",26313,759564,4.9,3.35
"1467",1989,"Utah",30717,786998,4.6,3.35
"1468",1990,"Utah",30142,818466,4.3,3.35
"1469",1991,"Utah",28016,847795,4.8,3.8
"1470",1992,"Utah",34251,882295,4.9,4.25
"1471",1993,"Utah",35786,837150,4.1,4.25
"1472",1994,"Utah",35716,995026,3.7,4.25
"1473",1995,"Utah",36480,1018839,3.4,4.25
"1474",1996,"Utah",37038,1041953,3.3,4.25
"1475",1997,"Utah",42775,1070220,3.1,4.75
"1476",1998,"Utah",44299,1103736,3.6,5.15
"1477",1999,"Utah",46050,1124003,3.6,5.15
"1478",2000,"Utah",47550,1142961,3.3,5.15
"1479",2001,"Utah",47342,1162638,4.2,5.15
"1480",2002,"Utah",47861,1179541,5.7,5.15
"1481",2003,"Utah",49275,1197185,5.6,5.15
"1482",2004,"Utah",50871,1231552,5.1,5.15
"1483",2005,"Utah",54813,1280608,4.1,5.15
"1484",2006,"Utah",54628,1333170,2.9,5.15
"1485",2007,"Utah",53529,1377773,2.5,5.15
"1486",2008,"Utah",62537,1385465,3.2,5.85
"1487",2009,"Utah",58491,1374324,7.3,6.55
"1488",2010,"Utah",56701,1350137,7.9,7.25
"1489",2011,"Utah",55493,1341435,7.7,7.25
"1490",2012,"Utah",58341,1348660,4.8,7.25
"1491",2013,"Utah",61047,1386251,4.2,7.25
"1492",2014,"Utah",63383,1415851,3.6,7.25
"1493",2015,"Utah",66258,1453627,3.5,7.25
"1494",2016,"Utah",67481,1500218,3.4,7.25
"1495",2017,"Utah",69789,1545236,3.2,7.25
"1496",2018,"Utah",77067,1573600,2.9,7.25
"1497",1985,"Vermont",26000,279292,4.7,3.35
"1498",1986,"Vermont",24599,288437,4.3,3.35
"1499",1987,"Vermont",25415,295016,3.8,3.35
"1500",1988,"Vermont",28988,299207,2.9,3.55
"1501",1989,"Vermont",31295,304839,3.6,3.55
"1502",1990,"Vermont",31098,306921,4.6,3.55
"1503",1991,"Vermont",29155,306712,6,3.85
"1504",1992,"Vermont",32755,311639,6.3,4.25
"1505",1993,"Vermont",31065,314921,5.2,4.25
"1506",1994,"Vermont",35802,315838,4.4,4.25
"1507",1995,"Vermont",33824,319912,4.2,4.25
"1508",1996,"Vermont",32358,325433,4.3,4.75
"1509",1997,"Vermont",35053,330291,3.9,5
"1510",1998,"Vermont",39372,334506,3.5,5.25
"1511",1999,"Vermont",41584,337475,3.1,5.25
"1512",2000,"Vermont",39594,334121,2.8,5.75
"1513",2001,"Vermont",40794,338085,3.3,6.25
"1514",2002,"Vermont",42999,343303,3.7,6.25
"1515",2003,"Vermont",43261,346330,4.5,6.25
"1516",2004,"Vermont",47329,347299,3.7,6.75
"1517",2005,"Vermont",50704,349540,3.4,7
"1518",2006,"Vermont",51981,355336,3.7,7.25
"1519",2007,"Vermont",47390,353341,3.9,7.53
"1520",2008,"Vermont",50706,353990,4.5,7.68
"1521",2009,"Vermont",52318,359348,6.2,8.06
"1522",2010,"Vermont",55928,359712,6.3,8.06
"1523",2011,"Vermont",51862,357624,5.7,8.15
"1524",2012,"Vermont",55582,353974,4.9,8.46
"1525",2013,"Vermont",65513,350256,4.5,8.6
"1526",2014,"Vermont",60708,348751,4,8.73
"1527",2015,"Vermont",59494,346508,3.5,9.15
"1528",2016,"Vermont",60837,345856,3.1,9.6
"1529",2017,"Vermont",63682,347080,3,10
"1530",2018,"Vermont",70066,346733,2.7,10.5
"1531",1985,"Virginia",28429,2865951,5.6,3.35
"1532",1986,"Virginia",29715,2919032,5,3.35
"1533",1987,"Virginia",29996,3004069,4.2,3.35
"1534",1988,"Virginia",32648,3083977,3.9,3.35
"1535",1989,"Virginia",34118,3143799,3.9,3.35
"1536",1990,"Virginia",35073,3233167,4.2,3.35
"1537",1991,"Virginia",36137,3320933,5.8,3.8
"1538",1992,"Virginia",38198,337670,6.3,4.25
"1539",1993,"Virginia",36433,3370561,5.2,4.25
"1540",1994,"Virginia",37647,3414904,4.9,4.25
"1541",1995,"Virginia",36222,3446936,4.5,4.25
"1542",1996,"Virginia",39211,3439156,4.3,4.25
"1543",1997,"Virginia",42957,3464586,3.8,4.75
"1544",1998,"Virginia",43354,3500611,2.7,5.15
"1545",1999,"Virginia",45693,3555885,2.7,5.15
"1546",2000,"Virginia",47163,3607019,2.3,5.15
"1547",2001,"Virginia",50241,3680397,3.1,5.15
"1548",2002,"Virginia",49631,3740188,4.4,5.15
"1549",2003,"Virginia",54783,3771768,4.4,5.15
"1550",2004,"Virginia",51141,3813626,4.1,5.15
"1551",2005,"Virginia",51914,3906976,3.9,5.15
"1552",2006,"Virginia",57119,3976425,3.3,5.15
"1553",2007,"Virginia",59161,4099584,3.2,5.15
"1554",2008,"Virginia",61985,4128723,4.1,5.85
"1555",2009,"Virginia",60501,4136974,6.9,6.55
"1556",2010,"Virginia",60367,4163301,7.3,7.25
"1557",2011,"Virginia",62616,4204665,6.6,7.25
"1558",2012,"Virginia",64632,4218175,6,7.25
"1559",2013,"Virginia",65907,4239442,5.6,7.25
"1560",2014,"Virginia",66155,4258966,5.2,7.25
"1561",2015,"Virginia",61486,4233488,4.4,7.25
"1562",2016,"Virginia",66451,4254961,4,7.25
"1563",2017,"Virginia",70811,4333468,3.7,7.25
"1564",2018,"Virginia",77151,4361200,2.9,7.25
"1565",1985,"Washington",24000,2107254,8.3,3.35
"1566",1986,"Washington",26881,2184886,8.2,3.35
"1567",1987,"Washington",27319,2261017,7.2,3.35
"1568",1988,"Washington",32327,2334565,6.3,3.35
"1569",1989,"Washington",31961,2447463,6,3.35
"1570",1990,"Washington",32112,2522237,5,3.35
"1571",1991,"Washington",33970,2559405,6,4.25
"1572",1992,"Washington",33900,2645929,7.1,4.25
"1573",1993,"Washington",35655,2700588,7.4,4.25
"1574",1994,"Washington",33533,2741161,6.3,4.25
"1575",1995,"Washington",35568,2803884,6.3,4.25
"1576",1996,"Washington",36676,2893479,6,4.9
"1577",1997,"Washington",44562,2970394,4.9,4.9
"1578",1998,"Washington",47421,3032420,4.8,5.15
"1579",1999,"Washington",45473,3063529,4.9,5.15
"1580",2000,"Washington",42525,3087357,5.1,6.5
"1581",2001,"Washington",42490,3085255,5.8,6.72
"1582",2002,"Washington",45183,3101306,7.1,6.9
"1583",2003,"Washington",47508,3135393,7.4,7.01
"1584",2004,"Washington",49922,3188762,6.3,7.16
"1585",2005,"Washington",50646,3259986,5.6,7.35
"1586",2006,"Washington",54723,3330080,5.1,7.63
"1587",2007,"Washington",58080,3401944,4.5,7.93
"1588",2008,"Washington",56631,3474761,5.2,8.07
"1589",2009,"Washington",60392,3464213,8.3,8.55
"1590",2010,"Washington",56163,3457982,9,8.55
"1591",2011,"Washington",56850,3438842,8.6,8.67
"1592",2012,"Washington",62187,4367974,8,9.04
"1593",2013,"Washington",63922,3460668,6.7,9.19
"1594",2014,"Washington",59068,3494824,5.9,9.32
"1595",2015,"Washington",67243,3555226,5.4,9.47
"1596",2016,"Washington",70310,3649333,5.3,9.47
"1597",2017,"Washington",71540,3724840,4.6,11
"1598",2018,"Washington",79726,3811658,4.3,11.5
"1599",1985,"West Virginia",15983,752407,13.3,3.35
"1600",1986,"West Virginia",16464,747077,12.3,3.35
"1601",1987,"West Virginia",17207,741708,11,3.35
"1602",1988,"West Virginia",19353,741072,10,3.35
"1603",1989,"West Virginia",21677,760515,8.8,3.35
"1604",1990,"West Virginia",22137,769531,8.2,3.35
"1605",1991,"West Virginia",23147,780847,10.6,3.8
"1606",1992,"West Virginia",20271,787334,11.3,4.25
"1607",1993,"West Virginia",22421,784405,10.5,4.25
"1608",1994,"West Virginia",23564,787088,8.9,4.25
"1609",1995,"West Virginia",24880,786741,8.1,4.25
"1610",1996,"West Virginia",25247,790931,7.5,4.25
"1611",1997,"West Virginia",27488,790854,6.9,4.75
"1612",1998,"West Virginia",26704,795322,6.7,5.15
"1613",1999,"West Virginia",29297,799311,6.6,5.15
"1614",2000,"West Virginia",29411,7999165,5.6,5.15
"1615",2001,"West Virginia",29673,796554,5.2,5.15
"1616",2002,"West Virginia",29359,798758,6.5,5.15
"1617",2003,"West Virginia",32763,791748,6.7,5.15
"1618",2004,"West Virginia",33373,789351,5.7,5.15
"1619",2005,"West Virginia",36445,794511,5.4,5.15
"1620",2006,"West Virginia",38419,804817,5.3,5.15
"1621",2007,"West Virginia",42091,804399,4.7,5.85
"1622",2008,"West Virginia",37994,806440,4.4,6.55
"1623",2009,"West Virginia",40490,811495,8.7,7.25
"1624",2010,"West Virginia",42777,809945,8.5,7.25
"1625",2011,"West Virginia",41821,806350,7.8,7.25
"1626",2012,"West Virginia",43553,808227,7.4,7.25
"1627",2013,"West Virginia",43069,799661,6.6,7.25
"1628",2014,"West Virginia",39552,795676,6.5,7.25
"1629",2015,"West Virginia",42824,791618,6.8,8
"1630",2016,"West Virginia",44354,785059,6.2,8.75
"1631",2017,"West Virginia",46957,783680,5.1,8.75
"1632",2018,"West Virginia",50573,793417,5.2,8.75
"1633",1985,"Wisconsin",23246,2396802,7.2,3.35
"1634",1986,"Wisconsin",26430,2432021,6.9,3.35
"1635",1987,"Wisconsin",26369,2491086,5.7,3.35
"1636",1988,"Wisconsin",29575,2549549,4.3,3.35
"1637",1989,"Wisconsin",29123,2594217,4.4,3.35
"1638",1990,"Wisconsin",30711,2598427,4.1,3.35
"1639",1991,"Wisconsin",31133,2629675,5.4,3.8
"1640",1992,"Wisconsin",33308,2695903,5.2,4.25
"1641",1993,"Wisconsin",31766,2748930,4.2,4.25
"1642",1994,"Wisconsin",35388,2821101,4.3,4.25
"1643",1995,"Wisconsin",40955,2871706,3.7,4.25
"1644",1996,"Wisconsin",40001,2920345,3.6,4.25
"1645",1997,"Wisconsin",39595,2955505,3.6,4.75
"1646",1998,"Wisconsin",41327,2967252,3.2,5.15
"1647",1999,"Wisconsin",45667,2958513,3,5.15
"1648",2000,"Wisconsin",45088,2986286,3.4,5.15
"1649",2001,"Wisconsin",45346,3017444,4.3,5.15
"1650",2002,"Wisconsin",45903,3017467,5.3,5.15
"1651",2003,"Wisconsin",46269,3044681,5.8,5.15
"1652",2004,"Wisconsin",45732,3034066,5,5.15
"1653",2005,"Wisconsin",44650,3029179,4.7,5.15
"1654",2006,"Wisconsin",51692,3066484,4.6,5.7
"1655",2007,"Wisconsin",51277,3087839,4.8,6.5
"1656",2008,"Wisconsin",51200,3099608,4.6,6.5
"1657",2009,"Wisconsin",51237,3113291,9.4,6.55
"1658",2010,"Wisconsin",50351,3082061,8.4,7.25
"1659",2011,"Wisconsin",52058,3071377,7.6,7.25
"1660",2012,"Wisconsin",53079,3070074,7,7.25
"1661",2013,"Wisconsin",51726,3077898,6.7,7.25
"1662",2014,"Wisconsin",58080,3077936,5.4,7.25
"1663",2015,"Wisconsin",55425,3084138,4.4,7.25
"1664",2016,"Wisconsin",59817,3110443,3.9,7.25
"1665",2017,"Wisconsin",63482,3122091,3.3,7.25
"1666",2018,"Wisconsin",62629,3106302,3,7.25
"1667",1985,"Wyoming",22081,253895,7,3.35
"1668",1986,"Wyoming",23559,251436,8.7,3.35
"1669",1987,"Wyoming",27590,242984,8,3.35
"1670",1988,"Wyoming",26419,239013,6.3,3.35
"1671",1989,"Wyoming",29521,238557,6.2,3.35
"1672",1990,"Wyoming",29460,237137,5,3.35
"1673",1991,"Wyoming",29050,236823,4.8,3.8
"1674",1992,"Wyoming",30209,239165,5.5,4.25
"1675",1993,"Wyoming",29442,243420,5.4,4.25
"1676",1994,"Wyoming",33140,249785,4.9,4.25
"1677",1995,"Wyoming",31529,253184,4.8,4.25
"1678",1996,"Wyoming",30953,255093,5,4.25
"1679",1997,"Wyoming",33423,256186,4.8,4.75
"1680",1998,"Wyoming",35250,260317,4.8,5.15
"1681",1999,"Wyoming",37248,263810,4.8,5.15
"1682",2000,"Wyoming",39629,265725,3.7,5.15
"1683",2001,"Wyoming",39719,268293,3.8,5.15
"1684",2002,"Wyoming",39763,269453,4,5.15
"1685",2003,"Wyoming",42555,272751,4.4,5.15
"1686",2004,"Wyoming",45397,274688,3.8,5.15
"1687",2005,"Wyoming",44718,279077,3.6,5.15
"1688",2006,"Wyoming",47041,284853,3,5.15
"1689",2007,"Wyoming",48744,290973,2.7,5.15
"1690",2008,"Wyoming",53337,296552,2.8,5.85
"1691",2009,"Wyoming",52470,299961,6.5,6.55
"1692",2010,"Wyoming",52201,301903,6.8,7.25
"1693",2011,"Wyoming",54509,302860,6,7.25
"1694",2012,"Wyoming",57512,303803,5.6,7.25
"1695",2013,"Wyoming",67441,302209,4.7,7.25
"1696",2014,"Wyoming",55690,302865,4.4,7.25
"1697",2015,"Wyoming",60925,301677,4.2,7.25
"1698",2016,"Wyoming",57829,300464,5.6,7.25
"1699",2017,"Wyoming",59536,295906,4.1,7.25
"1700",2018,"Wyoming",62539,294851,4,7.25
