,years,state,,
1,1985,Alabama,18333,18.3
2,1986,Alabama,19132,19.1
3,1987,Alabama,19734,19.7
4,1988,Alabama,19948,19.9
5,1989,Alabama,21284,21.3
6,1990,Alabama,23357,23.4
7,1991,Alabama,24346,24.3
8,1992,Alabama,25808,25.8
9,1993,Alabama,25082,25.1
10,1994,Alabama,27196,27.2
11,1995,Alabama,25991,26
12,1996,Alabama,30302,30.3
13,1997,Alabama,31939,31.9
14,1998,Alabama,36266,36.3
15,1999,Alabama,36251,36.3
16,2000,Alabama,35424,35.4
17,2001,Alabama,35160,35.2
18,2002,Alabama,37603,37.6
19,2003,Alabama,37255,37.3
20,2004,Alabama,36629,36.6
21,2005,Alabama,37150,37.2
22,2006,Alabama,37952,38
23,2007,Alabama,42212,42.2
24,2008,Alabama,44476,44.5
25,2009,Alabama,39980,40
26,2010,Alabama,40933,40.9
27,2011,Alabama,42590,42.6
28,2012,Alabama,43464,43.5
29,2013,Alabama,47320,47.3
30,2014,Alabama,42278,42.3
31,2015,Alabama,44509,44.5
32,2016,Alabama,47221,47.2
33,2017,Alabama,50865,50.9
34,2018,Alabama,49936,49.9
35,1985,Alaska,34782,34.8
36,1986,Alaska,31356,31.4
37,1987,Alaska,33233,33.2
38,1988,Alaska,33103,33.1
39,1989,Alaska,36006,36
40,1990,Alaska,39298,39.3
41,1991,Alaska,40612,40.6
42,1992,Alaska,41802,41.8
43,1993,Alaska,42931,42.9
44,1994,Alaska,45367,45.4
45,1995,Alaska,47954,48
46,1996,Alaska,52779,52.8
47,1997,Alaska,47994,48
48,1998,Alaska,50692,50.7
49,1999,Alaska,51396,51.4
50,2000,Alaska,52847,52.8
51,2001,Alaska,57363,57.4
52,2002,Alaska,52774,52.8
53,2003,Alaska,51837,51.8
54,2004,Alaska,55063,55.1
55,2005,Alaska,55891,55.9
56,2006,Alaska,56418,56.4
57,2007,Alaska,62993,63
58,2008,Alaska,63989,64
59,2009,Alaska,61604,61.6
60,2010,Alaska,57848,57.8
61,2011,Alaska,57431,57.4
62,2012,Alaska,63648,63.6
63,2013,Alaska,72472,72.5
64,2014,Alaska,67629,67.6
65,2015,Alaska,75112,75.1
66,2016,Alaska,75723,75.7
67,2017,Alaska,77987,78
68,2018,Alaska,68734,68.7
69,1985,Arizona,23877,23.9
70,1986,Arizona,25500,25.5
71,1987,Arizona,26749,26.7
72,1988,Arizona,26435,26.4
73,1989,Arizona,28552,28.6
74,1990,Arizona,29224,29.2
75,1991,Arizona,30737,30.7
76,1992,Arizona,29358,29.4
77,1993,Arizona,30510,30.5
78,1994,Arizona,31293,31.3
79,1995,Arizona,30863,30.9
80,1996,Arizona,31637,31.6
81,1997,Arizona,32740,32.7
82,1998,Arizona,37090,37.1
83,1999,Arizona,36995,37
84,2000,Arizona,39783,39.8
85,2001,Arizona,42704,42.7
86,2002,Arizona,39734,39.7
87,2003,Arizona,41166,41.2
88,2004,Arizona,43846,43.8
89,2005,Arizona,45245,45.2
90,2006,Arizona,46657,46.7
91,2007,Arizona,47215,47.2
92,2008,Arizona,46914,46.9
93,2009,Arizona,45739,45.7
94,2010,Arizona,46896,46.9
95,2011,Arizona,48621,48.6
96,2012,Arizona,47044,47
97,2013,Arizona,52611,52.6
98,2014,Arizona,49254,49.3
99,2015,Arizona,52248,52.2
100,2016,Arizona,57100,57.1
101,2017,Arizona,59700,59.7
102,2018,Arizona,62283,62.3
103,1985,Arkansas,17451,17.5
104,1986,Arkansas,18730,18.7
105,1987,Arkansas,18827,18.8
106,1988,Arkansas,20172,20.2
107,1989,Arkansas,21433,21.4
108,1990,Arkansas,22786,22.8
109,1991,Arkansas,23435,23.4
110,1992,Arkansas,23882,23.9
111,1993,Arkansas,23039,23
112,1994,Arkansas,25565,25.6
113,1995,Arkansas,25814,25.8
114,1996,Arkansas,27123,27.1
115,1997,Arkansas,26162,26.2
116,1998,Arkansas,27665,27.7
117,1999,Arkansas,29682,29.7
118,2000,Arkansas,29697,29.7
119,2001,Arkansas,33339,33.3
120,2002,Arkansas,32387,32.4
121,2003,Arkansas,32002,32
122,2004,Arkansas,34984,35
123,2005,Arkansas,36658,36.7
124,2006,Arkansas,37057,37.1
125,2007,Arkansas,40795,40.8
126,2008,Arkansas,39586,39.6
127,2009,Arkansas,36538,36.5
128,2010,Arkansas,38587,38.6
129,2011,Arkansas,41302,41.3
130,2012,Arkansas,39018,39
131,2013,Arkansas,39376,39.4
132,2014,Arkansas,44922,44.9
133,2015,Arkansas,42798,42.8
134,2016,Arkansas,45907,45.9
135,2017,Arkansas,49751,49.8
136,2018,Arkansas,49781,49.8
137,1985,California,26981,27
138,1986,California,29010,29
139,1987,California,30146,30.1
140,1988,California,30287,30.3
141,1989,California,33009,33
142,1990,California,33290,33.3
143,1991,California,33664,33.7
144,1992,California,34903,34.9
145,1993,California,34073,34.1
146,1994,California,35331,35.3
147,1995,California,37009,37
148,1996,California,38812,38.8
149,1997,California,39694,39.7
150,1998,California,40934,40.9
151,1999,California,43629,43.6
152,2000,California,46816,46.8
153,2001,California,47262,47.3
154,2002,California,47437,47.4
155,2003,California,49300,49.3
156,2004,California,49222,49.2
157,2005,California,51755,51.8
158,2006,California,55319,55.3
159,2007,California,55734,55.7
160,2008,California,57014,57
161,2009,California,56134,56.1
162,2010,California,54283,54.3
163,2011,California,53367,53.4
164,2012,California,57020,57
165,2013,California,60794,60.8
166,2014,California,60487,60.5
167,2015,California,63636,63.6
168,2016,California,66637,66.6
169,2017,California,70038,70
170,2018,California,70489,70.5
171,1985,Colorado,28182,28.2
172,1986,Colorado,27192,27.2
173,1987,Colorado,26476,26.5
174,1988,Colorado,26214,26.2
175,1989,Colorado,26806,26.8
176,1990,Colorado,30733,30.7
177,1991,Colorado,31499,31.5
178,1992,Colorado,32484,32.5
179,1993,Colorado,34488,34.5
180,1994,Colorado,37833,37.8
181,1995,Colorado,40706,40.7
182,1996,Colorado,40950,41
183,1997,Colorado,43233,43.2
184,1998,Colorado,46599,46.6
185,1999,Colorado,48177,48.2
186,2000,Colorado,48240,48.2
187,2001,Colorado,49397,49.4
188,2002,Colorado,48294,48.3
189,2003,Colorado,49940,49.9
190,2004,Colorado,50886,50.9
191,2005,Colorado,50449,50.4
192,2006,Colorado,55697,55.7
193,2007,Colorado,61141,61.1
194,2008,Colorado,60943,60.9
195,2009,Colorado,55930,55.9
196,2010,Colorado,60233,60.2
197,2011,Colorado,58629,58.6
198,2012,Colorado,57255,57.3
199,2013,Colorado,67912,67.9
200,2014,Colorado,60940,60.9
201,2015,Colorado,66596,66.6
202,2016,Colorado,70566,70.6
203,2017,Colorado,74984,75
204,2018,Colorado,73034,73
205,1985,Connecticut,31090,31.1
206,1986,Connecticut,32721,32.7
207,1987,Connecticut,32862,32.9
208,1988,Connecticut,36213,36.2
209,1989,Connecticut,42321,42.3
210,1990,Connecticut,38870,38.9
211,1991,Connecticut,42154,42.2
212,1992,Connecticut,40841,40.8
213,1993,Connecticut,39516,39.5
214,1994,Connecticut,41097,41.1
215,1995,Connecticut,40243,40.2
216,1996,Connecticut,42119,42.1
217,1997,Connecticut,43985,44
218,1998,Connecticut,46508,46.5
219,1999,Connecticut,50593,50.6
220,2000,Connecticut,50172,50.2
221,2001,Connecticut,53347,53.3
222,2002,Connecticut,53387,53.4
223,2003,Connecticut,54965,55
224,2004,Connecticut,55100,55.1
225,2005,Connecticut,56835,56.8
226,2006,Connecticut,62404,62.4
227,2007,Connecticut,64141,64.1
228,2008,Connecticut,64682,64.7
229,2009,Connecticut,64851,64.9
230,2010,Connecticut,65998,66
231,2011,Connecticut,65415,65.4
232,2012,Connecticut,64247,64.2
233,2013,Connecticut,69291,69.3
234,2014,Connecticut,70161,70.2
235,2015,Connecticut,72889,72.9
236,2016,Connecticut,75923,75.9
237,2017,Connecticut,74304,74.3
238,2018,Connecticut,72812,72.8
239,1985,Delaware,22980,23
240,1986,Delaware,25626,25.6
241,1987,Delaware,29244,29.2
242,1988,Delaware,30505,30.5
243,1989,Delaware,32068,32.1
244,1990,Delaware,30804,30.8
245,1991,Delaware,32585,32.6
246,1992,Delaware,35678,35.7
247,1993,Delaware,36064,36.1
248,1994,Delaware,35873,35.9
249,1995,Delaware,34928,34.9
250,1996,Delaware,39309,39.3
251,1997,Delaware,43033,43
252,1998,Delaware,41458,41.5
253,1999,Delaware,46628,46.6
254,2000,Delaware,50365,50.4
255,2001,Delaware,49602,49.6
256,2002,Delaware,49650,49.7
257,2003,Delaware,49019,49
258,2004,Delaware,48049,48
259,2005,Delaware,51235,51.2
260,2006,Delaware,52438,52.4
261,2007,Delaware,54589,54.6
262,2008,Delaware,50702,50.7
263,2009,Delaware,52114,52.1
264,2010,Delaware,55214,55.2
265,2011,Delaware,54660,54.7
266,2012,Delaware,48972,49
267,2013,Delaware,54091,54.1
268,2014,Delaware,57522,57.5
269,2015,Delaware,57756,57.8
270,2016,Delaware,58046,58
271,2017,Delaware,64961,65
272,2018,Delaware,65012,65
273,1985,Florida,21343,21.3
274,1986,Florida,22849,22.8
275,1987,Florida,24489,24.5
276,1988,Florida,25406,25.4
277,1989,Florida,26085,26.1
278,1990,Florida,26685,26.7
279,1991,Florida,27252,27.3
280,1992,Florida,27349,27.3
281,1993,Florida,28550,28.6
282,1994,Florida,29294,29.3
283,1995,Florida,29745,29.7
284,1996,Florida,30641,30.6
285,1997,Florida,32455,32.5
286,1998,Florida,34909,34.9
287,1999,Florida,35831,35.8
288,2000,Florida,38856,38.9
289,2001,Florida,36421,36.4
290,2002,Florida,38024,38
291,2003,Florida,38972,39
292,2004,Florida,40535,40.5
293,2005,Florida,42990,43
294,2006,Florida,45676,45.7
295,2007,Florida,45794,45.8
296,2008,Florida,44857,44.9
297,2009,Florida,45631,45.6
298,2010,Florida,44066,44.1
299,2011,Florida,45105,45.1
300,2012,Florida,46071,46.1
301,2013,Florida,48532,48.5
302,2014,Florida,46140,46.1
303,2015,Florida,48825,48.8
304,2016,Florida,51176,51.2
305,2017,Florida,53086,53.1
306,2018,Florida,54644,54.6
307,1985,Georgia,21049,21
308,1986,Georgia,24370,24.4
309,1987,Georgia,26714,26.7
310,1988,Georgia,26566,26.6
311,1989,Georgia,27542,27.5
312,1990,Georgia,27561,27.6
313,1991,Georgia,27212,27.2
314,1992,Georgia,28797,28.8
315,1993,Georgia,31663,31.7
316,1994,Georgia,31467,31.5
317,1995,Georgia,34099,34.1
318,1996,Georgia,32496,32.5
319,1997,Georgia,36663,36.7
320,1998,Georgia,38665,38.7
321,1999,Georgia,39425,39.4
322,2000,Georgia,41901,41.9
323,2001,Georgia,42576,42.6
324,2002,Georgia,42939,42.9
325,2003,Georgia,42438,42.4
326,2004,Georgia,40984,41
327,2005,Georgia,45926,45.9
328,2006,Georgia,49344,49.3
329,2007,Georgia,48641,48.6
330,2008,Georgia,46227,46.2
331,2009,Georgia,43340,43.3
332,2010,Georgia,44117,44.1
333,2011,Georgia,45973,46
334,2012,Georgia,48121,48.1
335,2013,Georgia,46992,47
336,2014,Georgia,49555,49.6
337,2015,Georgia,50768,50.8
338,2016,Georgia,53527,53.5
339,2017,Georgia,57985,58
340,2018,Georgia,55821,55.8
341,1985,Hawaii,28961,29
342,1986,Hawaii,29003,29
343,1987,Hawaii,35022,35
344,1988,Hawaii,33024,33
345,1989,Hawaii,35035,35
346,1990,Hawaii,38921,38.9
347,1991,Hawaii,37246,37.2
348,1992,Hawaii,42113,42.1
349,1993,Hawaii,42662,42.7
350,1994,Hawaii,42255,42.3
351,1995,Hawaii,42851,42.9
352,1996,Hawaii,41772,41.8
353,1997,Hawaii,40934,40.9
354,1998,Hawaii,40827,40.8
355,1999,Hawaii,44504,44.5
356,2000,Hawaii,51546,51.5
357,2001,Hawaii,47439,47.4
358,2002,Hawaii,47303,47.3
359,2003,Hawaii,51834,51.8
360,2004,Hawaii,56242,56.2
361,2005,Hawaii,59586,59.6
362,2006,Hawaii,60470,60.5
363,2007,Hawaii,64022,64
364,2008,Hawaii,61521,61.5
365,2009,Hawaii,55649,55.6
366,2010,Hawaii,59539,59.5
367,2011,Hawaii,59047,59
368,2012,Hawaii,56263,56.3
369,2013,Hawaii,64235,64.2
370,2014,Hawaii,71223,71.2
371,2015,Hawaii,64514,64.5
372,2016,Hawaii,72133,72.1
373,2017,Hawaii,73599,73.6
374,2018,Hawaii,80108,80.1
375,1985,Idaho,20761,20.8
376,1986,Idaho,20749,20.7
377,1987,Idaho,20755,20.8
378,1988,Idaho,23450,23.5
379,1989,Idaho,24654,24.7
380,1990,Idaho,25305,25.3
381,1991,Idaho,26116,26.1
382,1992,Idaho,27704,27.7
383,1993,Idaho,31010,31
384,1994,Idaho,31536,31.5
385,1995,Idaho,32676,32.7
386,1996,Idaho,34709,34.7
387,1997,Idaho,33404,33.4
388,1998,Idaho,36680,36.7
389,1999,Idaho,35800,35.8
390,2000,Idaho,37611,37.6
391,2001,Idaho,38241,38.2
392,2002,Idaho,37715,37.7
393,2003,Idaho,42372,42.4
394,2004,Idaho,44358,44.4
395,2005,Idaho,44176,44.2
396,2006,Idaho,46213,46.2
397,2007,Idaho,49184,49.2
398,2008,Idaho,47420,47.4
399,2009,Idaho,46778,46.8
400,2010,Idaho,47050,47.1
401,2011,Idaho,47459,47.5
402,2012,Idaho,47922,47.9
403,2013,Idaho,48467,48.5
404,2014,Idaho,53438,53.4
405,2015,Idaho,51624,51.6
406,2016,Idaho,56564,56.6
407,2017,Idaho,59497,59.5
408,2018,Idaho,58728,58.7
409,1985,Illinois,24870,24.9
410,1986,Illinois,26511,26.5
411,1987,Illinois,27084,27.1
412,1988,Illinois,29524,29.5
413,1989,Illinois,31300,31.3
414,1990,Illinois,32542,32.5
415,1991,Illinois,31884,31.9
416,1992,Illinois,31551,31.6
417,1993,Illinois,32857,32.9
418,1994,Illinois,35081,35.1
419,1995,Illinois,38071,38.1
420,1996,Illinois,39554,39.6
421,1997,Illinois,41283,41.3
422,1998,Illinois,43178,43.2
423,1999,Illinois,46330,46.3
424,2000,Illinois,46064,46.1
425,2001,Illinois,46171,46.2
426,2002,Illinois,42710,42.7
427,2003,Illinois,45153,45.2
428,2004,Illinois,46077,46.1
429,2005,Illinois,48398,48.4
430,2006,Illinois,48671,48.7
431,2007,Illinois,52506,52.5
432,2008,Illinois,53254,53.3
433,2009,Illinois,52870,52.9
434,2010,Illinois,50728,50.7
435,2011,Illinois,50637,50.6
436,2012,Illinois,51738,51.7
437,2013,Illinois,53937,53.9
438,2014,Illinois,54916,54.9
439,2015,Illinois,60413,60.4
440,2016,Illinois,61386,61.4
441,2017,Illinois,65969,66
442,2018,Illinois,70145,70.1
443,1985,Indiana,22675,22.7
444,1986,Indiana,22728,22.7
445,1987,Indiana,22519,22.5
446,1988,Indiana,26293,26.3
447,1989,Indiana,25898,25.9
448,1990,Indiana,26928,26.9
449,1991,Indiana,27089,27.1
450,1992,Indiana,28530,28.5
451,1993,Indiana,29475,29.5
452,1994,Indiana,27858,27.9
453,1995,Indiana,33385,33.4
454,1996,Indiana,35147,35.1
455,1997,Indiana,38889,38.9
456,1998,Indiana,39731,39.7
457,1999,Indiana,40838,40.8
458,2000,Indiana,40865,40.9
459,2001,Indiana,40379,40.4
460,2002,Indiana,41047,41
461,2003,Indiana,42425,42.4
462,2004,Indiana,42329,42.3
463,2005,Indiana,42437,42.4
464,2006,Indiana,45407,45.4
465,2007,Indiana,47453,47.5
466,2008,Indiana,46520,46.5
467,2009,Indiana,44305,44.3
468,2010,Indiana,46139,46.1
469,2011,Indiana,44445,44.4
470,2012,Indiana,46158,46.2
471,2013,Indiana,49455,49.5
472,2014,Indiana,48060,48.1
473,2015,Indiana,51983,52
474,2016,Indiana,56094,56.1
475,2017,Indiana,58767,58.8
476,2018,Indiana,59892,59.9
477,1985,Iowa,20927,20.9
478,1986,Iowa,22459,22.5
479,1987,Iowa,22190,22.2
480,1988,Iowa,24305,24.3
481,1989,Iowa,26265,26.3
482,1990,Iowa,27288,27.3
483,1991,Iowa,28553,28.6
484,1992,Iowa,28743,28.7
485,1993,Iowa,28663,28.7
486,1994,Iowa,33079,33.1
487,1995,Iowa,35519,35.5
488,1996,Iowa,33209,33.2
489,1997,Iowa,33783,33.8
490,1998,Iowa,37019,37
491,1999,Iowa,41098,41.1
492,2000,Iowa,40991,41
493,2001,Iowa,40976,41
494,2002,Iowa,41049,41
495,2003,Iowa,41384,41.4
496,2004,Iowa,43391,43.4
497,2005,Iowa,46500,46.5
498,2006,Iowa,48126,48.1
499,2007,Iowa,48908,48.9
500,2008,Iowa,50142,50.1
501,2009,Iowa,50721,50.7
502,2010,Iowa,49016,49
503,2011,Iowa,50219,50.2
504,2012,Iowa,53442,53.4
505,2013,Iowa,60156,60.2
506,2014,Iowa,57810,57.8
507,2015,Iowa,60855,60.9
508,2016,Iowa,59094,59.1
509,2017,Iowa,63467,63.5
510,2018,Iowa,68718,68.7
511,1985,Kansas,22788,22.8
512,1986,Kansas,23926,23.9
513,1987,Kansas,25583,25.6
514,1988,Kansas,25566,25.6
515,1989,Kansas,26862,26.9
516,1990,Kansas,29917,29.9
517,1991,Kansas,29295,29.3
518,1992,Kansas,30346,30.3
519,1993,Kansas,29770,29.8
520,1994,Kansas,28322,28.3
521,1995,Kansas,30341,30.3
522,1996,Kansas,32585,32.6
523,1997,Kansas,36471,36.5
524,1998,Kansas,36711,36.7
525,1999,Kansas,37348,37.3
526,2000,Kansas,41059,41.1
527,2001,Kansas,41415,41.4
528,2002,Kansas,42619,42.6
529,2003,Kansas,44232,44.2
530,2004,Kansas,41066,41.1
531,2005,Kansas,42027,42
532,2006,Kansas,45552,45.6
533,2007,Kansas,48497,48.5
534,2008,Kansas,47877,47.9
535,2009,Kansas,44717,44.7
536,2010,Kansas,46054,46.1
537,2011,Kansas,46147,46.1
538,2012,Kansas,50003,50
539,2013,Kansas,47820,47.8
540,2014,Kansas,53444,53.4
541,2015,Kansas,54865,54.9
542,2016,Kansas,56810,56.8
543,2017,Kansas,56900,56.9
544,2018,Kansas,63938,63.9
545,1985,Kentucky,17361,17.4
546,1986,Kentucky,19874,19.9
547,1987,Kentucky,20673,20.7
548,1988,Kentucky,19907,19.9
549,1989,Kentucky,23283,23.3
550,1990,Kentucky,24780,24.8
551,1991,Kentucky,23764,23.8
552,1992,Kentucky,23485,23.5
553,1993,Kentucky,24376,24.4
554,1994,Kentucky,26595,26.6
555,1995,Kentucky,29810,29.8
556,1996,Kentucky,32413,32.4
557,1997,Kentucky,33452,33.5
558,1998,Kentucky,36252,36.3
559,1999,Kentucky,33738,33.7
560,2000,Kentucky,36265,36.3
561,2001,Kentucky,38437,38.4
562,2002,Kentucky,36762,36.8
563,2003,Kentucky,36936,36.9
564,2004,Kentucky,35610,35.6
565,2005,Kentucky,36699,36.7
566,2006,Kentucky,39485,39.5
567,2007,Kentucky,39452,39.5
568,2008,Kentucky,41148,41.1
569,2009,Kentucky,42664,42.7
570,2010,Kentucky,41104,41.1
571,2011,Kentucky,39856,39.9
572,2012,Kentucky,41086,41.1
573,2013,Kentucky,44879,44.9
574,2014,Kentucky,42786,42.8
575,2015,Kentucky,42387,42.4
576,2016,Kentucky,45369,45.4
577,2017,Kentucky,49672,49.7
578,2018,Kentucky,54555,54.6
579,1985,Louisiana,21179,21.2
580,1986,Louisiana,20890,20.9
581,1987,Louisiana,21349,21.3
582,1988,Louisiana,20497,20.5
583,1989,Louisiana,22861,22.9
584,1990,Louisiana,22405,22.4
585,1991,Louisiana,25299,25.3
586,1992,Louisiana,25439,25.4
587,1993,Louisiana,26312,26.3
588,1994,Louisiana,25676,25.7
589,1995,Louisiana,27949,27.9
590,1996,Louisiana,30262,30.3
591,1997,Louisiana,33260,33.3
592,1998,Louisiana,31735,31.7
593,1999,Louisiana,32654,32.7
594,2000,Louisiana,30718,30.7
595,2001,Louisiana,33322,33.3
596,2002,Louisiana,34008,34
597,2003,Louisiana,33507,33.5
598,2004,Louisiana,36429,36.4
599,2005,Louisiana,37236,37.2
600,2006,Louisiana,36488,36.5
601,2007,Louisiana,41313,41.3
602,2008,Louisiana,39563,39.6
603,2009,Louisiana,45433,45.4
604,2010,Louisiana,39300,39.3
605,2011,Louisiana,40658,40.7
606,2012,Louisiana,39085,39.1
607,2013,Louisiana,46425,46.4
608,2014,Louisiana,42406,42.4
609,2015,Louisiana,45922,45.9
610,2016,Louisiana,42196,42.2
611,2017,Louisiana,43565,43.6
612,2018,Louisiana,49973,50
613,1985,Maine,20519,20.5
614,1986,Maine,23424,23.4
615,1987,Maine,23600,23.6
616,1988,Maine,26402,26.4
617,1989,Maine,28221,28.2
618,1990,Maine,27464,27.5
619,1991,Maine,27868,27.9
620,1992,Maine,29617,29.6
621,1993,Maine,27438,27.4
622,1994,Maine,30316,30.3
623,1995,Maine,33858,33.9
624,1996,Maine,34696,34.7
625,1997,Maine,32772,32.8
626,1998,Maine,35640,35.6
627,1999,Maine,38862,38.9
628,2000,Maine,37266,37.3
629,2001,Maine,36612,36.6
630,2002,Maine,36853,36.9
631,2003,Maine,37113,37.1
632,2004,Maine,41329,41.3
633,2005,Maine,43923,43.9
634,2006,Maine,45642,45.6
635,2007,Maine,47894,47.9
636,2008,Maine,47228,47.2
637,2009,Maine,47502,47.5
638,2010,Maine,47931,47.9
639,2011,Maine,49693,49.7
640,2012,Maine,49158,49.2
641,2013,Maine,54957,55
642,2014,Maine,51710,51.7
643,2015,Maine,50756,50.8
644,2016,Maine,50856,50.9
645,2017,Maine,53316,53.3
646,2018,Maine,58663,58.7
647,1985,Maryland,30136,30.1
648,1986,Maryland,30604,30.6
649,1987,Maryland,34970,35
650,1988,Maryland,36552,36.6
651,1989,Maryland,36016,36
652,1990,Maryland,38857,38.9
653,1991,Maryland,36952,37
654,1992,Maryland,37203,37.2
655,1993,Maryland,39939,39.9
656,1994,Maryland,39198,39.2
657,1995,Maryland,41041,41
658,1996,Maryland,43993,44
659,1997,Maryland,46685,46.7
660,1998,Maryland,50016,50
661,1999,Maryland,52205,52.2
662,2000,Maryland,54535,54.5
663,2001,Maryland,53530,53.5
664,2002,Maryland,56407,56.4
665,2003,Maryland,52314,52.3
666,2004,Maryland,57103,57.1
667,2005,Maryland,60512,60.5
668,2006,Maryland,63668,63.7
669,2007,Maryland,65630,65.6
670,2008,Maryland,63711,63.7
671,2009,Maryland,64186,64.2
672,2010,Maryland,64201,64.2
673,2011,Maryland,68876,68.9
674,2012,Maryland,71836,71.8
675,2013,Maryland,69353,69.4
676,2014,Maryland,76165,76.2
677,2015,Maryland,73594,73.6
678,2016,Maryland,73760,73.8
679,2017,Maryland,82093,82.1
680,2018,Maryland,86223,86.2
681,1985,Massachusetts,28207,28.2
682,1986,Massachusetts,30339,30.3
683,1987,Massachusetts,32241,32.2
684,1988,Massachusetts,33213,33.2
685,1989,Massachusetts,36086,36.1
686,1990,Massachusetts,36247,36.2
687,1991,Massachusetts,35714,35.7
688,1992,Massachusetts,36359,36.4
689,1993,Massachusetts,37064,37.1
690,1994,Massachusetts,40500,40.5
691,1995,Massachusetts,38574,38.6
692,1996,Massachusetts,39494,39.5
693,1997,Massachusetts,42023,42
694,1998,Massachusetts,42345,42.3
695,1999,Massachusetts,44005,44
696,2000,Massachusetts,46753,46.8
697,2001,Massachusetts,52253,52.3
698,2002,Massachusetts,49855,49.9
699,2003,Massachusetts,50955,51
700,2004,Massachusetts,52019,52
701,2005,Massachusetts,56017,56
702,2006,Massachusetts,55330,55.3
703,2007,Massachusetts,58463,58.5
704,2008,Massachusetts,60320,60.3
705,2009,Massachusetts,59373,59.4
706,2010,Massachusetts,60934,60.9
707,2011,Massachusetts,63313,63.3
708,2012,Massachusetts,63656,63.7
709,2013,Massachusetts,62529,62.5
710,2014,Massachusetts,63151,63.2
711,2015,Massachusetts,67861,67.9
712,2016,Massachusetts,72266,72.3
713,2017,Massachusetts,76243,76.2
714,2018,Massachusetts,86345,86.3
715,1985,Michigan,24242,24.2
716,1986,Michigan,26605,26.6
717,1987,Michigan,27702,27.7
718,1988,Michigan,29472,29.5
719,1989,Michigan,30775,30.8
720,1990,Michigan,29937,29.9
721,1991,Michigan,32117,32.1
722,1992,Michigan,32267,32.3
723,1993,Michigan,32662,32.7
724,1994,Michigan,35284,35.3
725,1995,Michigan,36426,36.4
726,1996,Michigan,39225,39.2
727,1997,Michigan,38742,38.7
728,1998,Michigan,41821,41.8
729,1999,Michigan,46089,46.1
730,2000,Michigan,45512,45.5
731,2001,Michigan,45047,45
732,2002,Michigan,42715,42.7
733,2003,Michigan,45022,45
734,2004,Michigan,42256,42.3
735,2005,Michigan,45933,45.9
736,2006,Michigan,48647,48.6
737,2007,Michigan,49370,49.4
738,2008,Michigan,49788,49.8
739,2009,Michigan,45994,46
740,2010,Michigan,46276,46.3
741,2011,Michigan,48879,48.9
742,2012,Michigan,50015,50
743,2013,Michigan,56567,56.6
744,2014,Michigan,52005,52
745,2015,Michigan,54203,54.2
746,2016,Michigan,57091,57.1
747,2017,Michigan,56405,56.4
748,2018,Michigan,60449,60.4
749,1985,Minnesota,23856,23.9
750,1986,Minnesota,26443,26.4
751,1987,Minnesota,28082,28.1
752,1988,Minnesota,29087,29.1
753,1989,Minnesota,30185,30.2
754,1990,Minnesota,31465,31.5
755,1991,Minnesota,29479,29.5
756,1992,Minnesota,30981,31
757,1993,Minnesota,33682,33.7
758,1994,Minnesota,33644,33.6
759,1995,Minnesota,37933,37.9
760,1996,Minnesota,40991,41
761,1997,Minnesota,42564,42.6
762,1998,Minnesota,47926,47.9
763,1999,Minnesota,47038,47
764,2000,Minnesota,54251,54.3
765,2001,Minnesota,52681,52.7
766,2002,Minnesota,54622,54.6
767,2003,Minnesota,52823,52.8
768,2004,Minnesota,56104,56.1
769,2005,Minnesota,54215,54.2
770,2006,Minnesota,56211,56.2
771,2007,Minnesota,58058,58.1
772,2008,Minnesota,54925,54.9
773,2009,Minnesota,56090,56.1
774,2010,Minnesota,52321,52.3
775,2011,Minnesota,57820,57.8
776,2012,Minnesota,61795,61.8
777,2013,Minnesota,64324,64.3
778,2014,Minnesota,67244,67.2
779,2015,Minnesota,68730,68.7
780,2016,Minnesota,70218,70.2
781,2017,Minnesota,69975,70
782,2018,Minnesota,71817,71.8
783,1985,Mississippi,16413,16.4
784,1986,Mississippi,16513,16.5
785,1987,Mississippi,18513,18.5
786,1988,Mississippi,18166,18.2
787,1989,Mississippi,19917,19.9
788,1990,Mississippi,20178,20.2
789,1991,Mississippi,19475,19.5
790,1992,Mississippi,20570,20.6
791,1993,Mississippi,22191,22.2
792,1994,Mississippi,25400,25.4
793,1995,Mississippi,26538,26.5
794,1996,Mississippi,26677,26.7
795,1997,Mississippi,28499,28.5
796,1998,Mississippi,29120,29.1
797,1999,Mississippi,32478,32.5
798,2000,Mississippi,34299,34.3
799,2001,Mississippi,30161,30.2
800,2002,Mississippi,30882,30.9
801,2003,Mississippi,32728,32.7
802,2004,Mississippi,34755,34.8
803,2005,Mississippi,32875,32.9
804,2006,Mississippi,34733,34.7
805,2007,Mississippi,37279,37.3
806,2008,Mississippi,36446,36.4
807,2009,Mississippi,35078,35.1
808,2010,Mississippi,38160,38.2
809,2011,Mississippi,41090,41.1
810,2012,Mississippi,36641,36.6
811,2013,Mississippi,32338,32.3
812,2014,Mississippi,35521,35.5
813,2015,Mississippi,40037,40
814,2016,Mississippi,41099,41.1
815,2017,Mississippi,43281,43.3
816,2018,Mississippi,42781,42.8
817,1985,Missouri,21939,21.9
818,1986,Missouri,21925,21.9
819,1987,Missouri,23720,23.7
820,1988,Missouri,23443,23.4
821,1989,Missouri,26497,26.5
822,1990,Missouri,27332,27.3
823,1991,Missouri,27926,27.9
824,1992,Missouri,27361,27.4
825,1993,Missouri,28682,28.7
826,1994,Missouri,30190,30.2
827,1995,Missouri,34825,34.8
828,1996,Missouri,34265,34.3
829,1997,Missouri,36553,36.6
830,1998,Missouri,40201,40.2
831,1999,Missouri,41383,41.4
832,2000,Missouri,45097,45.1
833,2001,Missouri,41339,41.3
834,2002,Missouri,42776,42.8
835,2003,Missouri,43762,43.8
836,2004,Missouri,42137,42.1
837,2005,Missouri,42986,43
838,2006,Missouri,44579,44.6
839,2007,Missouri,46005,46
840,2008,Missouri,46038,46
841,2009,Missouri,48769,48.8
842,2010,Missouri,45817,45.8
843,2011,Missouri,45774,45.8
844,2012,Missouri,49764,49.8
845,2013,Missouri,46303,46.3
846,2014,Missouri,56630,56.6
847,2015,Missouri,59196,59.2
848,2016,Missouri,55016,55
849,2017,Missouri,56530,56.5
850,2018,Missouri,61726,61.7
851,1985,Montana,21939,21.9
852,1986,Montana,21925,21.9
853,1987,Montana,23720,23.7
854,1988,Montana,23443,23.4
855,1989,Montana,26497,26.5
856,1990,Montana,27332,27.3
857,1991,Montana,27926,27.9
858,1992,Montana,27361,27.4
859,1993,Montana,28682,28.7
860,1994,Montana,30190,30.2
861,1995,Montana,34825,34.8
862,1996,Montana,34265,34.3
863,1997,Montana,36553,36.6
864,1998,Montana,40201,40.2
865,1999,Montana,41383,41.4
866,2000,Montana,45097,45.1
867,2001,Montana,41339,41.3
868,2002,Montana,42776,42.8
869,2003,Montana,43762,43.8
870,2004,Montana,42137,42.1
871,2005,Montana,42986,43
872,2006,Montana,44579,44.6
873,2007,Montana,46005,46
874,2008,Montana,46038,46
875,2009,Montana,48769,48.8
876,2010,Montana,45817,45.8
877,2011,Montana,45774,45.8
878,2012,Montana,49764,49.8
879,2013,Montana,46303,46.3
880,2014,Montana,56630,56.6
881,2015,Montana,59196,59.2
882,2016,Montana,55016,55
883,2017,Montana,56530,56.5
884,2018,Montana,61726,61.7
885,1985,Nebraska,21799,21.8
886,1986,Nebraska,21772,21.8
887,1987,Nebraska,23268,23.3
888,1988,Nebraska,25159,25.2
889,1989,Nebraska,26319,26.3
890,1990,Nebraska,27482,27.5
891,1991,Nebraska,29549,29.5
892,1992,Nebraska,30048,30
893,1993,Nebraska,31008,31
894,1994,Nebraska,31794,31.8
895,1995,Nebraska,32929,32.9
896,1996,Nebraska,34014,34
897,1997,Nebraska,34692,34.7
898,1998,Nebraska,36413,36.4
899,1999,Nebraska,38626,38.6
900,2000,Nebraska,41750,41.8
901,2001,Nebraska,43611,43.6
902,2002,Nebraska,42796,42.8
903,2003,Nebraska,43974,44
904,2004,Nebraska,43786,43.8
905,2005,Nebraska,47923,47.9
906,2006,Nebraska,48145,48.1
907,2007,Nebraska,49174,49.2
908,2008,Nebraska,50728,50.7
909,2009,Nebraska,49595,49.6
910,2010,Nebraska,52504,52.5
911,2011,Nebraska,55616,55.6
912,2012,Nebraska,52196,52.2
913,2013,Nebraska,57623,57.6
914,2014,Nebraska,56870,56.9
915,2015,Nebraska,60474,60.5
916,2016,Nebraska,59374,59.4
917,2017,Nebraska,59583,59.6
918,2018,Nebraska,67575,67.6
919,1985,Nevada,23274,23.3
920,1986,Nevada,26217,26.2
921,1987,Nevada,26878,26.9
922,1988,Nevada,27983,28
923,1989,Nevada,29340,29.3
924,1990,Nevada,32023,32
925,1991,Nevada,32937,32.9
926,1992,Nevada,31908,31.9
927,1993,Nevada,35814,35.8
928,1994,Nevada,35871,35.9
929,1995,Nevada,36084,36.1
930,1996,Nevada,38540,38.5
931,1997,Nevada,38854,38.9
932,1998,Nevada,39756,39.8
933,1999,Nevada,41461,41.5
934,2000,Nevada,45758,45.8
935,2001,Nevada,45403,45.4
936,2002,Nevada,44958,45
937,2003,Nevada,45184,45.2
938,2004,Nevada,47204,47.2
939,2005,Nevada,48209,48.2
940,2006,Nevada,52282,52.3
941,2007,Nevada,54058,54.1
942,2008,Nevada,54744,54.7
943,2009,Nevada,51434,51.4
944,2010,Nevada,51200,51.2
945,2011,Nevada,47043,47
946,2012,Nevada,47333,47.3
947,2013,Nevada,51846,51.8
948,2014,Nevada,49875,49.9
949,2015,Nevada,52008,52
950,2016,Nevada,55431,55.4
951,2017,Nevada,58041,58
952,2018,Nevada,61864,61.9
953,1985,New Hampshire,26403,26.4
954,1986,New Hampshire,30548,30.5
955,1987,New Hampshire,32338,32.3
956,1988,New Hampshire,34625,34.6
957,1989,New Hampshire,37532,37.5
958,1990,New Hampshire,40805,40.8
959,1991,New Hampshire,36032,36
960,1992,New Hampshire,39436,39.4
961,1993,New Hampshire,37964,38
962,1994,New Hampshire,35245,35.2
963,1995,New Hampshire,39171,39.2
964,1996,New Hampshire,39407,39.4
965,1997,New Hampshire,40998,41
966,1998,New Hampshire,44958,45
967,1999,New Hampshire,46055,46.1
968,2000,New Hampshire,50926,50.9
969,2001,New Hampshire,51331,51.3
970,2002,New Hampshire,55321,55.3
971,2003,New Hampshire,55567,55.6
972,2004,New Hampshire,56815,56.8
973,2005,New Hampshire,56984,57
974,2006,New Hampshire,61970,62
975,2007,New Hampshire,67576,67.6
976,2008,New Hampshire,66176,66.2
977,2009,New Hampshire,64131,64.1
978,2010,New Hampshire,66633,66.6
979,2011,New Hampshire,65880,65.9
980,2012,New Hampshire,67819,67.8
981,2013,New Hampshire,69099,69.1
982,2014,New Hampshire,73397,73.4
983,2015,New Hampshire,75675,75.7
984,2016,New Hampshire,76260,76.3
985,2017,New Hampshire,75630,75.6
986,2018,New Hampshire,81346,81.3
987,1985,New Jersey,30980,31
988,1986,New Jersey,31715,31.7
989,1987,New Jersey,34241,34.2
990,1988,New Jersey,36287,36.3
991,1989,New Jersey,39120,39.1
992,1990,New Jersey,38734,38.7
993,1991,New Jersey,40049,40
994,1992,New Jersey,39000,39
995,1993,New Jersey,40500,40.5
996,1994,New Jersey,42280,42.3
997,1995,New Jersey,43924,43.9
998,1996,New Jersey,47468,47.5
999,1997,New Jersey,48021,48
1000,1998,New Jersey,49826,49.8
1001,1999,New Jersey,49734,49.7
1002,2000,New Jersey,50405,50.4
1003,2001,New Jersey,51771,51.8
1004,2002,New Jersey,54568,54.6
1005,2003,New Jersey,56045,56
1006,2004,New Jersey,55275,55.3
1007,2005,New Jersey,63368,63.4
1008,2006,New Jersey,68059,68.1
1009,2007,New Jersey,60508,60.5
1010,2008,New Jersey,65306,65.3
1011,2009,New Jersey,64777,64.8
1012,2010,New Jersey,62968,63
1013,2011,New Jersey,62338,62.3
1014,2012,New Jersey,66692,66.7
1015,2013,New Jersey,63754,63.8
1016,2014,New Jersey,65243,65.2
1017,2015,New Jersey,68357,68.4
1018,2016,New Jersey,68468,68.5
1019,2017,New Jersey,71240,71.2
1020,2018,New Jersey,74176,74.2
1021,1985,New Mexico,20423,20.4
1022,1986,New Mexico,19845,19.8
1023,1987,New Mexico,20758,20.8
1024,1988,New Mexico,19296,19.3
1025,1989,New Mexico,22602,22.6
1026,1990,New Mexico,25039,25
1027,1991,New Mexico,26540,26.5
1028,1992,New Mexico,25860,25.9
1029,1993,New Mexico,26758,26.8
1030,1994,New Mexico,26905,26.9
1031,1995,New Mexico,25991,26
1032,1996,New Mexico,25086,25.1
1033,1997,New Mexico,30086,30.1
1034,1998,New Mexico,31543,31.5
1035,1999,New Mexico,32574,32.6
1036,2000,New Mexico,35093,35.1
1037,2001,New Mexico,33124,33.1
1038,2002,New Mexico,35457,35.5
1039,2003,New Mexico,35105,35.1
1040,2004,New Mexico,39562,39.6
1041,2005,New Mexico,38947,38.9
1042,2006,New Mexico,40028,40
1043,2007,New Mexico,44356,44.4
1044,2008,New Mexico,42102,42.1
1045,2009,New Mexico,43542,43.5
1046,2010,New Mexico,45134,45.1
1047,2011,New Mexico,41982,42
1048,2012,New Mexico,43424,43.4
1049,2013,New Mexico,40166,40.2
1050,2014,New Mexico,46686,46.7
1051,2015,New Mexico,45119,45.1
1052,2016,New Mexico,48451,48.5
1053,2017,New Mexico,45601,45.6
1054,2018,New Mexico,48283,48.3
1055,1985,New York,23639,23.6
1056,1986,New York,25025,25
1057,1987,New York,26384,26.4
1058,1988,New York,28915,28.9
1059,1989,New York,31496,31.5
1060,1990,New York,31591,31.6
1061,1991,New York,31794,31.8
1062,1992,New York,31051,31.1
1063,1993,New York,31697,31.7
1064,1994,New York,31899,31.9
1065,1995,New York,33028,33
1066,1996,New York,35410,35.4
1067,1997,New York,35798,35.8
1068,1998,New York,37394,37.4
1069,1999,New York,39989,40
1070,2000,New York,40744,40.7
1071,2001,New York,42114,42.1
1072,2002,New York,41966,42
1073,2003,New York,42788,42.8
1074,2004,New York,44649,44.6
1075,2005,New York,47176,47.2
1076,2006,New York,48222,48.2
1077,2007,New York,48944,48.9
1078,2008,New York,50461,50.5
1079,2009,New York,50216,50.2
1080,2010,New York,49781,49.8
1081,2011,New York,50636,50.6
1082,2012,New York,47680,47.7
1083,2013,New York,49966,50
1084,2014,New York,54310,54.3
1085,2015,New York,58005,58
1086,2016,New York,61437,61.4
1087,2017,New York,61543,61.5
1088,2018,New York,67274,67.3
1089,1985,North Carolina,21451,21.5
1090,1986,North Carolina,21861,21.9
1091,1987,North Carolina,22760,22.8
1092,1988,North Carolina,24415,24.4
1093,1989,North Carolina,26406,26.4
1094,1990,North Carolina,26329,26.3
1095,1991,North Carolina,26853,26.9
1096,1992,North Carolina,27771,27.8
1097,1993,North Carolina,28820,28.8
1098,1994,North Carolina,30114,30.1
1099,1995,North Carolina,31979,32
1100,1996,North Carolina,35601,35.6
1101,1997,North Carolina,35840,35.8
1102,1998,North Carolina,35838,35.8
1103,1999,North Carolina,37254,37.3
1104,2000,North Carolina,38317,38.3
1105,2001,North Carolina,38162,38.2
1106,2002,North Carolina,36515,36.5
1107,2003,North Carolina,37279,37.3
1108,2004,North Carolina,40238,40.2
1109,2005,North Carolina,42056,42.1
1110,2006,North Carolina,39797,39.8
1111,2007,North Carolina,43513,43.5
1112,2008,North Carolina,42930,42.9
1113,2009,North Carolina,41906,41.9
1114,2010,North Carolina,43830,43.8
1115,2011,North Carolina,45206,45.2
1116,2012,North Carolina,41553,41.6
1117,2013,North Carolina,46337,46.3
1118,2014,North Carolina,46784,46.8
1119,2015,North Carolina,50797,50.8
1120,2016,North Carolina,53764,53.8
1121,2017,North Carolina,49547,49.5
1122,2018,North Carolina,53369,53.4
1123,1985,North Dakota,21205,21.2
1124,1986,North Dakota,21508,21.5
1125,1987,North Dakota,22576,22.6
1126,1988,North Dakota,24092,24.1
1127,1989,North Dakota,25229,25.2
1128,1990,North Dakota,25264,25.3
1129,1991,North Dakota,25892,25.9
1130,1992,North Dakota,26959,27
1131,1993,North Dakota,28118,28.1
1132,1994,North Dakota,28278,28.3
1133,1995,North Dakota,29089,29.1
1134,1996,North Dakota,31470,31.5
1135,1997,North Dakota,31661,31.7
1136,1998,North Dakota,30304,30.3
1137,1999,North Dakota,32663,32.7
1138,2000,North Dakota,35996,36
1139,2001,North Dakota,35793,35.8
1140,2002,North Dakota,36200,36.2
1141,2003,North Dakota,40410,40.4
1142,2004,North Dakota,39220,39.2
1143,2005,North Dakota,42192,42.2
1144,2006,North Dakota,41047,41
1145,2007,North Dakota,47205,47.2
1146,2008,North Dakota,49631,49.6
1147,2009,North Dakota,50075,50.1
1148,2010,North Dakota,51006,51
1149,2011,North Dakota,56361,56.4
1150,2012,North Dakota,55766,55.8
1151,2013,North Dakota,59152,59.2
1152,2014,North Dakota,60730,60.7
1153,2015,North Dakota,57415,57.4
1154,2016,North Dakota,60184,60.2
1155,2017,North Dakota,60167,60.2
1156,2018,North Dakota,66505,66.5
1157,1985,Ohio,25174,25.2
1158,1986,Ohio,25115,25.1
1159,1987,Ohio,25773,25.8
1160,1988,Ohio,27740,27.7
1161,1989,Ohio,29021,29
1162,1990,Ohio,30013,30
1163,1991,Ohio,29790,29.8
1164,1992,Ohio,31404,31.4
1165,1993,Ohio,31285,31.3
1166,1994,Ohio,31855,31.9
1167,1995,Ohio,34941,34.9
1168,1996,Ohio,34070,34.1
1169,1997,Ohio,36134,36.1
1170,1998,Ohio,38925,38.9
1171,1999,Ohio,39489,39.5
1172,2000,Ohio,42962,43
1173,2001,Ohio,41785,41.8
1174,2002,Ohio,42684,42.7
1175,2003,Ohio,43520,43.5
1176,2004,Ohio,43055,43.1
1177,2005,Ohio,44203,44.2
1178,2006,Ohio,45900,45.9
1179,2007,Ohio,49099,49.1
1180,2008,Ohio,46934,46.9
1181,2009,Ohio,45879,45.9
1182,2010,Ohio,45886,45.9
1183,2011,Ohio,44648,44.6
1184,2012,Ohio,44375,44.4
1185,2013,Ohio,50748,50.7
1186,2014,Ohio,49644,49.6
1187,2015,Ohio,53301,53.3
1188,2016,Ohio,53985,54
1189,2017,Ohio,60688,60.7
1190,2018,Ohio,61633,61.6
1191,1985,Oklahoma,21205,21.2
1192,1986,Oklahoma,20948,20.9
1193,1987,Oklahoma,21691,21.7
1194,1988,Oklahoma,23667,23.7
1195,1989,Oklahoma,23667,23.7
1196,1990,Oklahoma,24384,24.4
1197,1991,Oklahoma,25462,25.5
1198,1992,Oklahoma,25284,25.3
1199,1993,Oklahoma,26260,26.3
1200,1994,Oklahoma,26991,27
1201,1995,Oklahoma,26311,26.3
1202,1996,Oklahoma,27437,27.4
1203,1997,Oklahoma,31351,31.4
1204,1998,Oklahoma,33727,33.7
1205,1999,Oklahoma,32683,32.7
1206,2000,Oklahoma,32432,32.4
1207,2001,Oklahoma,35609,35.6
1208,2002,Oklahoma,36458,36.5
1209,2003,Oklahoma,35902,35.9
1210,2004,Oklahoma,39614,39.6
1211,2005,Oklahoma,37645,37.6
1212,2006,Oklahoma,38838,38.8
1213,2007,Oklahoma,43216,43.2
1214,2008,Oklahoma,46111,46.1
1215,2009,Oklahoma,45878,45.9
1216,2010,Oklahoma,43103,43.1
1217,2011,Oklahoma,48455,48.5
1218,2012,Oklahoma,48407,48.4
1219,2013,Oklahoma,46162,46.2
1220,2014,Oklahoma,47199,47.2
1221,2015,Oklahoma,47077,47.1
1222,2016,Oklahoma,50943,50.9
1223,2017,Oklahoma,51882,51.9
1224,2018,Oklahoma,54434,54.4
1225,1985,Oregon,21894,21.9
1226,1986,Oregon,24773,24.8
1227,1987,Oregon,25038,25
1228,1988,Oregon,27748,27.7
1229,1989,Oregon,28529,28.5
1230,1990,Oregon,29281,29.3
1231,1991,Oregon,30190,30.2
1232,1992,Oregon,31927,31.9
1233,1993,Oregon,33138,33.1
1234,1994,Oregon,31456,31.5
1235,1995,Oregon,36374,36.4
1236,1996,Oregon,35492,35.5
1237,1997,Oregon,37247,37.2
1238,1998,Oregon,39067,39.1
1239,1999,Oregon,40619,40.6
1240,2000,Oregon,42499,42.5
1241,2001,Oregon,41273,41.3
1242,2002,Oregon,41802,41.8
1243,2003,Oregon,41638,41.6
1244,2004,Oregon,40994,41
1245,2005,Oregon,44159,44.2
1246,2006,Oregon,47091,47.1
1247,2007,Oregon,50236,50.2
1248,2008,Oregon,51727,51.7
1249,2009,Oregon,49098,49.1
1250,2010,Oregon,50602,50.6
1251,2011,Oregon,51526,51.5
1252,2012,Oregon,51775,51.8
1253,2013,Oregon,48999,49
1254,2014,Oregon,58875,58.9
1255,2015,Oregon,60834,60.8
1256,2016,Oregon,59135,59.1
1257,2017,Oregon,62498,62.5
1258,2018,Oregon,69165,69.2
1259,1985,Pennsylvania,22877,22.9
1260,1986,Pennsylvania,23807,23.8
1261,1987,Pennsylvania,25424,25.4
1262,1988,Pennsylvania,26742,26.7
1263,1989,Pennsylvania,28690,28.7
1264,1990,Pennsylvania,29005,29
1265,1991,Pennsylvania,30367,30.4
1266,1992,Pennsylvania,29882,29.9
1267,1993,Pennsylvania,30995,31
1268,1994,Pennsylvania,32066,32.1
1269,1995,Pennsylvania,34524,34.5
1270,1996,Pennsylvania,34899,34.9
1271,1997,Pennsylvania,37517,37.5
1272,1998,Pennsylvania,39015,39
1273,1999,Pennsylvania,37758,37.8
1274,2000,Pennsylvania,42176,42.2
1275,2001,Pennsylvania,43499,43.5
1276,2002,Pennsylvania,42498,42.5
1277,2003,Pennsylvania,42933,42.9
1278,2004,Pennsylvania,44106,44.1
1279,2005,Pennsylvania,46300,46.3
1280,2006,Pennsylvania,48477,48.5
1281,2007,Pennsylvania,48437,48.4
1282,2008,Pennsylvania,51402,51.4
1283,2009,Pennsylvania,48172,48.2
1284,2010,Pennsylvania,48314,48.3
1285,2011,Pennsylvania,49910,49.9
1286,2012,Pennsylvania,51904,51.9
1287,2013,Pennsylvania,55156,55.2
1288,2014,Pennsylvania,55173,55.2
1289,2015,Pennsylvania,60389,60.4
1290,2016,Pennsylvania,60979,61
1291,2017,Pennsylvania,61285,61.3
1292,2018,Pennsylvania,64524,64.5
1293,1985,Rhode Island,24625,24.6
1294,1986,Rhode Island,26540,26.5
1295,1987,Rhode Island,28292,28.3
1296,1988,Rhode Island,29842,29.8
1297,1989,Rhode Island,30124,30.1
1298,1990,Rhode Island,31968,32
1299,1991,Rhode Island,30836,30.8
1300,1992,Rhode Island,30432,30.4
1301,1993,Rhode Island,33509,33.5
1302,1994,Rhode Island,31928,31.9
1303,1995,Rhode Island,35359,35.4
1304,1996,Rhode Island,36986,37
1305,1997,Rhode Island,34797,34.8
1306,1998,Rhode Island,40686,40.7
1307,1999,Rhode Island,42719,42.7
1308,2000,Rhode Island,42197,42.2
1309,2001,Rhode Island,45723,45.7
1310,2002,Rhode Island,42417,42.4
1311,2003,Rhode Island,44711,44.7
1312,2004,Rhode Island,47935,47.9
1313,2005,Rhode Island,49484,49.5
1314,2006,Rhode Island,53736,53.7
1315,2007,Rhode Island,54210,54.2
1316,2008,Rhode Island,53241,53.2
1317,2009,Rhode Island,51634,51.6
1318,2010,Rhode Island,51623,51.6
1319,2011,Rhode Island,49033,49
1320,2012,Rhode Island,56065,56.1
1321,2013,Rhode Island,56323,56.3
1322,2014,Rhode Island,58633,58.6
1323,2015,Rhode Island,55701,55.7
1324,2016,Rhode Island,61528,61.5
1325,2017,Rhode Island,65401,65.4
1326,2018,Rhode Island,62266,62.3
1327,1985,South Carolina,20036,20
1328,1986,South Carolina,21968,22
1329,1987,South Carolina,25049,25
1330,1988,South Carolina,25533,25.5
1331,1989,South Carolina,23798,23.8
1332,1990,South Carolina,28735,28.7
1333,1991,South Carolina,27463,27.5
1334,1992,South Carolina,27578,27.6
1335,1993,South Carolina,26053,26.1
1336,1994,South Carolina,29846,29.8
1337,1995,South Carolina,29071,29.1
1338,1996,South Carolina,34665,34.7
1339,1997,South Carolina,34262,34.3
1340,1998,South Carolina,33267,33.3
1341,1999,South Carolina,36462,36.5
1342,2000,South Carolina,37570,37.6
1343,2001,South Carolina,37736,37.7
1344,2002,South Carolina,37812,37.8
1345,2003,South Carolina,38479,38.5
1346,2004,South Carolina,38691,38.7
1347,2005,South Carolina,40230,40.2
1348,2006,South Carolina,39617,39.6
1349,2007,South Carolina,44213,44.2
1350,2008,South Carolina,42155,42.2
1351,2009,South Carolina,41101,41.1
1352,2010,South Carolina,41698,41.7
1353,2011,South Carolina,40084,40.1
1354,2012,South Carolina,44401,44.4
1355,2013,South Carolina,43563,43.6
1356,2014,South Carolina,44929,44.9
1357,2015,South Carolina,46360,46.4
1358,2016,South Carolina,54336,54.3
1359,2017,South Carolina,54537,54.5
1360,2018,South Carolina,57444,57.4
1361,1985,South Dakota,18142,18.1
1362,1986,South Dakota,19898,19.9
1363,1987,South Dakota,21151,21.2
1364,1988,South Dakota,22294,22.3
1365,1989,South Dakota,24108,24.1
1366,1990,South Dakota,24571,24.6
1367,1991,South Dakota,24639,24.6
1368,1992,South Dakota,26259,26.3
1369,1993,South Dakota,27737,27.7
1370,1994,South Dakota,29733,29.7
1371,1995,South Dakota,29578,29.6
1372,1996,South Dakota,29526,29.5
1373,1997,South Dakota,29694,29.7
1374,1998,South Dakota,32786,32.8
1375,1999,South Dakota,35828,35.8
1376,2000,South Dakota,36475,36.5
1377,2001,South Dakota,39671,39.7
1378,2002,South Dakota,37873,37.9
1379,2003,South Dakota,39522,39.5
1380,2004,South Dakota,41107,41.1
1381,2005,South Dakota,43151,43.2
1382,2006,South Dakota,45427,45.4
1383,2007,South Dakota,46418,46.4
1384,2008,South Dakota,51600,51.6
1385,2009,South Dakota,45826,45.8
1386,2010,South Dakota,45352,45.4
1387,2011,South Dakota,47223,47.2
1388,2012,South Dakota,49415,49.4
1389,2013,South Dakota,53413,53.4
1390,2014,South Dakota,53053,53.1
1391,2015,South Dakota,55065,55.1
1392,2016,South Dakota,57450,57.5
1393,2017,South Dakota,56914,56.9
1394,2018,South Dakota,59463,59.5
1395,1985,Tennessee,17778,17.8
1396,1986,Tennessee,18256,18.3
1397,1987,Tennessee,21179,21.2
1398,1988,Tennessee,20856,20.9
1399,1989,Tennessee,22611,22.6
1400,1990,Tennessee,22592,22.6
1401,1991,Tennessee,24453,24.5
1402,1992,Tennessee,24318,24.3
1403,1993,Tennessee,25102,25.1
1404,1994,Tennessee,28639,28.6
1405,1995,Tennessee,29015,29
1406,1996,Tennessee,30790,30.8
1407,1997,Tennessee,30636,30.6
1408,1998,Tennessee,34091,34.1
1409,1999,Tennessee,36522,36.5
1410,2000,Tennessee,34096,34.1
1411,2001,Tennessee,35783,35.8
1412,2002,Tennessee,37030,37
1413,2003,Tennessee,37523,37.5
1414,2004,Tennessee,38072,38.1
1415,2005,Tennessee,39406,39.4
1416,2006,Tennessee,40693,40.7
1417,2007,Tennessee,41195,41.2
1418,2008,Tennessee,39702,39.7
1419,2009,Tennessee,40517,40.5
1420,2010,Tennessee,38591,38.6
1421,2011,Tennessee,42279,42.3
1422,2012,Tennessee,42995,43
1423,2013,Tennessee,43361,43.4
1424,2014,Tennessee,43716,43.7
1425,2015,Tennessee,47330,47.3
1426,2016,Tennessee,51344,51.3
1427,2017,Tennessee,55306,55.3
1428,2018,Tennessee,56060,56.1
1429,1985,Texas,23743,23.7
1430,1986,Texas,24162,24.2
1431,1987,Texas,24721,24.7
1432,1988,Texas,24963,25
1433,1989,Texas,25886,25.9
1434,1990,Texas,28228,28.2
1435,1991,Texas,27733,27.7
1436,1992,Texas,27953,28
1437,1993,Texas,28727,28.7
1438,1994,Texas,30755,30.8
1439,1995,Texas,32039,32
1440,1996,Texas,33072,33.1
1441,1997,Texas,35075,35.1
1442,1998,Texas,35783,35.8
1443,1999,Texas,38688,38.7
1444,2000,Texas,38609,38.6
1445,2001,Texas,40860,40.9
1446,2002,Texas,40149,40.1
1447,2003,Texas,39271,39.3
1448,2004,Texas,41397,41.4
1449,2005,Texas,41422,41.4
1450,2006,Texas,43307,43.3
1451,2007,Texas,46053,46.1
1452,2008,Texas,46490,46.5
1453,2009,Texas,47475,47.5
1454,2010,Texas,47266,47.3
1455,2011,Texas,49047,49
1456,2012,Texas,51926,51.9
1457,2013,Texas,51406,51.4
1458,2014,Texas,53875,53.9
1459,2015,Texas,56473,56.5
1460,2016,Texas,58146,58.1
1461,2017,Texas,60092,60.1
1462,2018,Texas,59785,59.8
1463,1985,Utah,25238,25.2
1464,1986,Utah,26281,26.3
1465,1987,Utah,26529,26.5
1466,1988,Utah,26313,26.3
1467,1989,Utah,30717,30.7
1468,1990,Utah,30142,30.1
1469,1991,Utah,28016,28
1470,1992,Utah,34251,34.3
1471,1993,Utah,35786,35.8
1472,1994,Utah,35716,35.7
1473,1995,Utah,36480,36.5
1474,1996,Utah,37038,37
1475,1997,Utah,42775,42.8
1476,1998,Utah,44299,44.3
1477,1999,Utah,46050,46.1
1478,2000,Utah,47550,47.6
1479,2001,Utah,47342,47.3
1480,2002,Utah,47861,47.9
1481,2003,Utah,49275,49.3
1482,2004,Utah,50871,50.9
1483,2005,Utah,54813,54.8
1484,2006,Utah,54628,54.6
1485,2007,Utah,53529,53.5
1486,2008,Utah,62537,62.5
1487,2009,Utah,58491,58.5
1488,2010,Utah,56701,56.7
1489,2011,Utah,55493,55.5
1490,2012,Utah,58341,58.3
1491,2013,Utah,61047,61
1492,2014,Utah,63383,63.4
1493,2015,Utah,66258,66.3
1494,2016,Utah,67481,67.5
1495,2017,Utah,69789,69.8
1496,2018,Utah,77067,77.1
1497,1985,Vermont,26000,26
1498,1986,Vermont,24599,24.6
1499,1987,Vermont,25415,25.4
1500,1988,Vermont,28988,29
1501,1989,Vermont,31295,31.3
1502,1990,Vermont,31098,31.1
1503,1991,Vermont,29155,29.2
1504,1992,Vermont,32755,32.8
1505,1993,Vermont,31065,31.1
1506,1994,Vermont,35802,35.8
1507,1995,Vermont,33824,33.8
1508,1996,Vermont,32358,32.4
1509,1997,Vermont,35053,35.1
1510,1998,Vermont,39372,39.4
1511,1999,Vermont,41584,41.6
1512,2000,Vermont,39594,39.6
1513,2001,Vermont,40794,40.8
1514,2002,Vermont,42999,43
1515,2003,Vermont,43261,43.3
1516,2004,Vermont,47329,47.3
1517,2005,Vermont,50704,50.7
1518,2006,Vermont,51981,52
1519,2007,Vermont,47390,47.4
1520,2008,Vermont,50706,50.7
1521,2009,Vermont,52318,52.3
1522,2010,Vermont,55928,55.9
1523,2011,Vermont,51862,51.9
1524,2012,Vermont,55582,55.6
1525,2013,Vermont,65513,65.5
1526,2014,Vermont,60708,60.7
1527,2015,Vermont,59494,59.5
1528,2016,Vermont,60837,60.8
1529,2017,Vermont,63682,63.7
1530,2018,Vermont,70066,70.1
1531,1985,Virginia,28429,28.4
1532,1986,Virginia,29715,29.7
1533,1987,Virginia,29996,30
1534,1988,Virginia,32648,32.6
1535,1989,Virginia,34118,34.1
1536,1990,Virginia,35073,35.1
1537,1991,Virginia,36137,36.1
1538,1992,Virginia,38198,38.2
1539,1993,Virginia,36433,36.4
1540,1994,Virginia,37647,37.6
1541,1995,Virginia,36222,36.2
1542,1996,Virginia,39211,39.2
1543,1997,Virginia,42957,43
1544,1998,Virginia,43354,43.4
1545,1999,Virginia,45693,45.7
1546,2000,Virginia,47163,47.2
1547,2001,Virginia,50241,50.2
1548,2002,Virginia,49631,49.6
1549,2003,Virginia,54783,54.8
1550,2004,Virginia,51141,51.1
1551,2005,Virginia,51914,51.9
1552,2006,Virginia,57119,57.1
1553,2007,Virginia,59161,59.2
1554,2008,Virginia,61985,62
1555,2009,Virginia,60501,60.5
1556,2010,Virginia,60367,60.4
1557,2011,Virginia,62616,62.6
1558,2012,Virginia,64632,64.6
1559,2013,Virginia,65907,65.9
1560,2014,Virginia,66155,66.2
1561,2015,Virginia,61486,61.5
1562,2016,Virginia,66451,66.5
1563,2017,Virginia,70811,70.8
1564,2018,Virginia,77151,77.2
1565,1985,Washington,24000,24
1566,1986,Washington,26881,26.9
1567,1987,Washington,27319,27.3
1568,1988,Washington,32327,32.3
1569,1989,Washington,31961,32
1570,1990,Washington,32112,32.1
1571,1991,Washington,33970,34
1572,1992,Washington,33900,33.9
1573,1993,Washington,35655,35.7
1574,1994,Washington,33533,33.5
1575,1995,Washington,35568,35.6
1576,1996,Washington,36676,36.7
1577,1997,Washington,44562,44.6
1578,1998,Washington,47421,47.4
1579,1999,Washington,45473,45.5
1580,2000,Washington,42525,42.5
1581,2001,Washington,42490,42.5
1582,2002,Washington,45183,45.2
1583,2003,Washington,47508,47.5
1584,2004,Washington,49922,49.9
1585,2005,Washington,50646,50.6
1586,2006,Washington,54723,54.7
1587,2007,Washington,58080,58.1
1588,2008,Washington,56631,56.6
1589,2009,Washington,60392,60.4
1590,2010,Washington,56163,56.2
1591,2011,Washington,56850,56.9
1592,2012,Washington,62187,62.2
1593,2013,Washington,63922,63.9
1594,2014,Washington,59068,59.1
1595,2015,Washington,67243,67.2
1596,2016,Washington,70310,70.3
1597,2017,Washington,71540,71.5
1598,2018,Washington,79726,79.7
1599,1985,West Virginia,15983,16
1600,1986,West Virginia,16464,16.5
1601,1987,West Virginia,17207,17.2
1602,1988,West Virginia,19353,19.4
1603,1989,West Virginia,21677,21.7
1604,1990,West Virginia,22137,22.1
1605,1991,West Virginia,23147,23.1
1606,1992,West Virginia,20271,20.3
1607,1993,West Virginia,22421,22.4
1608,1994,West Virginia,23564,23.6
1609,1995,West Virginia,24880,24.9
1610,1996,West Virginia,25247,25.2
1611,1997,West Virginia,27488,27.5
1612,1998,West Virginia,26704,26.7
1613,1999,West Virginia,29297,29.3
1614,2000,West Virginia,29411,29.4
1615,2001,West Virginia,29673,29.7
1616,2002,West Virginia,29359,29.4
1617,2003,West Virginia,32763,32.8
1618,2004,West Virginia,33373,33.4
1619,2005,West Virginia,36445,36.4
1620,2006,West Virginia,38419,38.4
1621,2007,West Virginia,42091,42.1
1622,2008,West Virginia,37994,38
1623,2009,West Virginia,40490,40.5
1624,2010,West Virginia,42777,42.8
1625,2011,West Virginia,41821,41.8
1626,2012,West Virginia,43553,43.6
1627,2013,West Virginia,43069,43.1
1628,2014,West Virginia,39552,39.6
1629,2015,West Virginia,42824,42.8
1630,2016,West Virginia,44354,44.4
1631,2017,West Virginia,46957,47
1632,2018,West Virginia,50573,50.6
1633,1985,Wisconsin,23246,23.2
1634,1986,Wisconsin,26430,26.4
1635,1987,Wisconsin,26369,26.4
1636,1988,Wisconsin,29575,29.6
1637,1989,Wisconsin,29123,29.1
1638,1990,Wisconsin,30711,30.7
1639,1991,Wisconsin,31133,31.1
1640,1992,Wisconsin,33308,33.3
1641,1993,Wisconsin,31766,31.8
1642,1994,Wisconsin,35388,35.4
1643,1995,Wisconsin,40955,41
1644,1996,Wisconsin,40001,40
1645,1997,Wisconsin,39595,39.6
1646,1998,Wisconsin,41327,41.3
1647,1999,Wisconsin,45667,45.7
1648,2000,Wisconsin,45088,45.1
1649,2001,Wisconsin,45346,45.3
1650,2002,Wisconsin,45903,45.9
1651,2003,Wisconsin,46269,46.3
1652,2004,Wisconsin,45732,45.7
1653,2005,Wisconsin,44650,44.7
1654,2006,Wisconsin,51692,51.7
1655,2007,Wisconsin,51277,51.3
1656,2008,Wisconsin,51200,51.2
1657,2009,Wisconsin,51237,51.2
1658,2010,Wisconsin,50351,50.4
1659,2011,Wisconsin,52058,52.1
1660,2012,Wisconsin,53079,53.1
1661,2013,Wisconsin,51726,51.7
1662,2014,Wisconsin,58080,58.1
1663,2015,Wisconsin,55425,55.4
1664,2016,Wisconsin,59817,59.8
1665,2017,Wisconsin,63482,63.5
1666,2018,Wisconsin,62629,62.6
1667,1985,Wyoming,22081,22.1
1668,1986,Wyoming,23559,23.6
1669,1987,Wyoming,27590,27.6
1670,1988,Wyoming,26419,26.4
1671,1989,Wyoming,29521,29.5
1672,1990,Wyoming,29460,29.5
1673,1991,Wyoming,29050,29.1
1674,1992,Wyoming,30209,30.2
1675,1993,Wyoming,29442,29.4
1676,1994,Wyoming,33140,33.1
1677,1995,Wyoming,31529,31.5
1678,1996,Wyoming,30953,31
1679,1997,Wyoming,33423,33.4
1680,1998,Wyoming,35250,35.3
1681,1999,Wyoming,37248,37.2
1682,2000,Wyoming,39629,39.6
1683,2001,Wyoming,39719,39.7
1684,2002,Wyoming,39763,39.8
1685,2003,Wyoming,42555,42.6
1686,2004,Wyoming,45397,45.4
1687,2005,Wyoming,44718,44.7
1688,2006,Wyoming,47041,47
1689,2007,Wyoming,48744,48.7
1690,2008,Wyoming,53337,53.3
1691,2009,Wyoming,52470,52.5
1692,2010,Wyoming,52201,52.2
1693,2011,Wyoming,54509,54.5
1694,2012,Wyoming,57512,57.5
1695,2013,Wyoming,67441,67.4
1696,2014,Wyoming,55690,55.7
1697,2015,Wyoming,60925,60.9
1698,2016,Wyoming,57829,57.8
1699,2017,Wyoming,59536,59.5
1700,2018,Wyoming,62539,62.5
